order_id,user_id,order_date,order_status,channel,reported_total_products,line_number,product_id,line_product_name,line_category,unit_price,quantity,line_discount_percentage,catalog_product_name,category,brand,catalog_price,catalog_discount_percentage,inventory,rating,reviews,sku,catalog_duplicate_flag,age,country,city,retailer_type,customer_name,product_name,country_original,channel_original,status_original,discount_percentage,revenue,price_segment,year,quarter,month,month_name,year_month,delivered_flag,canceled_flag,product_match_flag,user_match_flag,price_difference,price_difference_pct,data_quality_flag,valid_sales_flag
1,65,2024-12-03,delivered,Direct Sales,2,1,8,CoreFit Basketball Shoes v3,Footwear,91.6,18.0,8.9,CoreFit Basketball Shoes v3,Footwear,CoreFit,91.6,8.9,343.0,3.2,709,SR-FOO-0008,False,47,Argentina,Tucumán,Department Store,Josefina Duarte,CoreFit Basketball Shoes v3,Argentina,Direct Sales,delivered,8.9,1648.8,Medio,2024,4,12,Diciembre,2024-12,1,0,True,True,0.0,0.0,OK,True
1,65,2024-12-03,delivered,Direct Sales,2,2,58,AthletX Sports Bra v3,Apparel,87.71,112.0,7.5,AthletX Sports Bra v3,Apparel,AthletX,87.71,7.5,280.0,4.6,321,SR-APP-0058,False,47,Argentina,Tucumán,Department Store,Josefina Duarte,AthletX Sports Bra v3,Argentina,Direct Sales,delivered,7.5,9823.519999999999,Medio,2024,4,12,Diciembre,2024-12,1,0,True,True,0.0,0.0,OK,True
2,6,2024-06-10,shipped,Distributor,2,1,91,CoreFit Resistance Bands v1,Equipment,36.9,61.0,18.0,CoreFit Resistance Bands v1,Equipment,CoreFit,36.9,18.0,161.0,2.8,558,SR-EQU-0091,False,30,Chile,Valparaíso,Independent,Roxana Jara,CoreFit Resistance Bands v1,Chile,Distributor,shipped,18.0,2250.9,Económico,2024,2,6,Junio,2024-06,0,0,True,True,0.0,0.0,OK,True
2,6,2024-06-10,shipped,Distributor,2,2,57,CoreFit Sports Bra v2,Apparel,64.26,83.0,7.4,CoreFit Sports Bra v2,Apparel,CoreFit,64.26,7.4,65.0,3.0,690,SR-APP-0057,False,30,Chile,Valparaíso,Independent,Roxana Jara,CoreFit Sports Bra v2,Chile,Distributor,shipped,7.4,5333.580000000001,Medio,2024,2,6,Junio,2024-06,0,0,True,True,0.0,0.0,OK,True
3,87,2024-06-03,delivered,Direct Sales,5,1,7,SportRetail Pro Basketball Shoes v2,Footwear,203.78,13.0,19.3,SportRetail Pro Basketball Shoes v2,Footwear,SportRetail Pro,203.78,19.3,40.0,4.6,113,SR-FOO-0007,False,54,Chile,Santiago,Superstore,Karina Ibarra,SportRetail Pro Basketball Shoes v2,Chile,Direct Sales,delivered,19.3,2649.14,Premium,2024,2,6,Junio,2024-06,1,0,True,True,0.0,0.0,OK,True
3,87,2024-06-03,delivered,Direct Sales,5,2,102,CoreFit Yoga Mat v2,Equipment,89.84,76.0,15.6,CoreFit Yoga Mat v2,Equipment,CoreFit,89.84,15.6,338.0,4.5,212,SR-EQU-0102,False,54,Chile,Santiago,Superstore,Karina Ibarra,CoreFit Yoga Mat v2,Chile,Direct Sales,delivered,15.6,6827.84,Medio,2024,2,6,Junio,2024-06,1,0,True,True,0.0,0.0,OK,True
3,87,2024-06-03,delivered,Direct Sales,5,3,81,PowerEdge Gym Bag v1,Accessories,29.43,41.0,17.4,PowerEdge Gym Bag v1,Accessories,PowerEdge,29.43,17.4,154.0,4.6,624,SR-ACC-0081,False,54,Chile,Santiago,Superstore,Karina Ibarra,PowerEdge Gym Bag v1,Chile,Direct Sales,delivered,17.4,1206.6299999999999,Económico,2024,2,6,Junio,2024-06,1,0,True,True,0.0,0.0,OK,True
3,87,2024-06-03,delivered,Direct Sales,5,4,83,SpeedMax Gym Bag v3,Accessories,75.79,114.0,2.6,SpeedMax Gym Bag v3,Accessories,SpeedMax,75.79,2.6,491.0,3.4,480,SR-ACC-0083,False,54,Chile,Santiago,Superstore,Karina Ibarra,SpeedMax Gym Bag v3,Chile,Direct Sales,delivered,2.6,8640.060000000001,Medio,2024,2,6,Junio,2024-06,1,0,True,True,0.0,0.0,OK,True
3,87,2024-06-03,delivered,Direct Sales,5,5,43,CoreFit Track Jacket v3,Apparel,24.85,82.0,8.3,CoreFit Track Jacket v3,Apparel,CoreFit,24.85,8.3,66.0,4.1,278,SR-APP-0043,False,54,Chile,Santiago,Superstore,Karina Ibarra,CoreFit Track Jacket v3,Chile,Direct Sales,delivered,8.3,2037.7,Económico,2024,2,6,Junio,2024-06,1,0,True,True,0.0,0.0,OK,True
4,45,2024-11-26,shipped,Direct Sales,3,1,84,PowerEdge Gym Bag v4,Accessories,51.74,55.0,16.3,PowerEdge Gym Bag v4,Accessories,PowerEdge,51.74,16.3,315.0,4.5,561,SR-ACC-0084,False,42,Perú,Piura,Superstore,Maura Grau,PowerEdge Gym Bag v4,Perú,Direct Sales,shipped,16.3,2845.7000000000003,Medio,2024,4,11,Noviembre,2024-11,0,0,True,True,0.0,0.0,OK,True
4,45,2024-11-26,shipped,Direct Sales,3,2,90,SpeedMax Sport Socks v5,Accessories,54.28,95.0,8.6,SpeedMax Sport Socks v5,Accessories,SpeedMax,54.28,8.6,381.0,3.9,370,SR-ACC-0090,False,42,Perú,Piura,Superstore,Maura Grau,SpeedMax Sport Socks v5,Perú,Direct Sales,shipped,8.6,5156.6,Medio,2024,4,11,Noviembre,2024-11,0,0,True,True,0.0,0.0,OK,True
4,45,2024-11-26,shipped,Direct Sales,3,3,85,PowerEdge Gym Bag v5,Accessories,57.4,44.0,8.1,PowerEdge Gym Bag v5,Accessories,PowerEdge,57.4,8.1,125.0,4.6,98,SR-ACC-0085,False,42,Perú,Piura,Superstore,Maura Grau,PowerEdge Gym Bag v5,Perú,Direct Sales,shipped,8.1,2525.6,Medio,2024,4,11,Noviembre,2024-11,0,0,True,True,0.0,0.0,OK,True
5,86,2024-03-03,shipped,Direct Sales,6,1,107,CoreFit Foam Roller v2,Equipment,69.74,87.0,19.1,CoreFit Foam Roller v2,Equipment,CoreFit,69.74,19.1,89.0,3.7,677,SR-EQU-0107,False,43,Chile,Concepción,Sports Chain,Camila Valenzuela,CoreFit Foam Roller v2,Chile,Direct Sales,shipped,19.1,6067.379999999999,Medio,2024,1,3,Marzo,2024-03,0,0,True,True,0.0,0.0,OK,True
5,86,2024-03-03,shipped,Direct Sales,6,2,95,SportRetail Pro Resistance Bands v5,Equipment,69.54,70.0,11.7,SportRetail Pro Resistance Bands v5,Equipment,SportRetail Pro,69.54,11.7,225.0,3.4,62,SR-EQU-0095,False,43,Chile,Concepción,Sports Chain,Camila Valenzuela,SportRetail Pro Resistance Bands v5,Chile,Direct Sales,shipped,11.7,4867.8,Medio,2024,1,3,Marzo,2024-03,0,0,True,True,0.0,0.0,OK,True
5,86,2024-03-03,shipped,Direct Sales,6,3,88,SportRetail Pro Sport Socks v3,Accessories,29.31,51.0,10.2,SportRetail Pro Sport Socks v3,Accessories,SportRetail Pro,29.31,10.2,284.0,4.4,717,SR-ACC-0088,False,43,Chile,Concepción,Sports Chain,Camila Valenzuela,SportRetail Pro Sport Socks v3,Chile,Direct Sales,shipped,10.2,1494.81,Económico,2024,1,3,Marzo,2024-03,0,0,True,True,0.0,0.0,OK,True
5,86,2024-03-03,shipped,Direct Sales,6,4,117,SpeedMax Agility Ladder v2,Equipment,47.29,32.0,19.7,SpeedMax Agility Ladder v2,Equipment,SpeedMax,47.29,19.7,136.0,4.6,299,SR-EQU-0117,False,43,Chile,Concepción,Sports Chain,Camila Valenzuela,SpeedMax Agility Ladder v2,Chile,Direct Sales,shipped,19.7,1513.28,Económico,2024,1,3,Marzo,2024-03,0,0,True,True,0.0,0.0,OK,True
5,86,2024-03-03,shipped,Direct Sales,6,5,68,PowerEdge Water Bottle v3,Accessories,32.86,103.0,6.8,PowerEdge Water Bottle v3,Accessories,PowerEdge,32.86,6.8,163.0,4.7,92,SR-ACC-0068,False,43,Chile,Concepción,Sports Chain,Camila Valenzuela,PowerEdge Water Bottle v3,Chile,Direct Sales,shipped,6.8,3384.58,Económico,2024,1,3,Marzo,2024-03,0,0,True,True,0.0,0.0,OK,True
5,86,2024-03-03,shipped,Direct Sales,6,6,12,AthletX Training Shoes v2,Footwear,222.62,33.0,13.5,AthletX Training Shoes v2,Footwear,AthletX,222.62,13.5,382.0,4.0,607,SR-FOO-0012,False,43,Chile,Concepción,Sports Chain,Camila Valenzuela,AthletX Training Shoes v2,Chile,Direct Sales,shipped,13.5,7346.46,Premium,2024,1,3,Marzo,2024-03,0,0,True,True,0.0,0.0,OK,True
6,65,2024-03-24,shipped,Distributor,5,1,107,CoreFit Foam Roller v2,Equipment,69.74,89.0,19.1,CoreFit Foam Roller v2,Equipment,CoreFit,69.74,19.1,89.0,3.7,677,SR-EQU-0107,False,47,Argentina,Tucumán,Department Store,Josefina Duarte,CoreFit Foam Roller v2,Argentina,Distributor,shipped,19.1,6206.86,Medio,2024,1,3,Marzo,2024-03,0,0,True,True,0.0,0.0,OK,True
6,65,2024-03-24,shipped,Distributor,5,2,95,SportRetail Pro Resistance Bands v5,Equipment,69.54,103.0,11.7,SportRetail Pro Resistance Bands v5,Equipment,SportRetail Pro,69.54,11.7,225.0,3.4,62,SR-EQU-0095,False,47,Argentina,Tucumán,Department Store,Josefina Duarte,SportRetail Pro Resistance Bands v5,Argentina,Distributor,shipped,11.7,7162.620000000001,Medio,2024,1,3,Marzo,2024-03,0,0,True,True,0.0,0.0,OK,True
6,65,2024-03-24,shipped,Distributor,5,3,114,SpeedMax Training Gloves v4,Equipment,23.85,81.0,24.8,SpeedMax Training Gloves v4,Equipment,SpeedMax,23.85,24.8,467.0,2.8,130,SR-EQU-0114,False,47,Argentina,Tucumán,Department Store,Josefina Duarte,SpeedMax Training Gloves v4,Argentina,Distributor,shipped,24.8,1931.8500000000001,Económico,2024,1,3,Marzo,2024-03,0,0,True,True,0.0,0.0,OK,True
6,65,2024-03-24,shipped,Distributor,5,4,68,PowerEdge Water Bottle v3,Accessories,32.86,25.0,6.8,PowerEdge Water Bottle v3,Accessories,PowerEdge,32.86,6.8,163.0,4.7,92,SR-ACC-0068,False,47,Argentina,Tucumán,Department Store,Josefina Duarte,PowerEdge Water Bottle v3,Argentina,Distributor,shipped,6.8,821.5,Económico,2024,1,3,Marzo,2024-03,0,0,True,True,0.0,0.0,OK,True
6,65,2024-03-24,shipped,Distributor,5,5,5,SportRetail Pro Running Shoes v5,Footwear,135.77,93.0,8.6,SportRetail Pro Running Shoes v5,Footwear,SportRetail Pro,135.77,8.6,135.0,4.5,757,SR-FOO-0005,False,47,Argentina,Tucumán,Department Store,Josefina Duarte,SportRetail Pro Running Shoes v5,Argentina,Distributor,shipped,8.6,12626.61,Medio,2024,1,3,Marzo,2024-03,0,0,True,True,0.0,0.0,OK,True
7,47,2024-08-15,delivered,Distributor,6,1,93,SportRetail Pro Resistance Bands v3,Equipment,94.1,100.0,7.4,SportRetail Pro Resistance Bands v3,Equipment,SportRetail Pro,94.1,7.4,184.0,2.9,24,SR-EQU-0093,False,28,Colombia,Barranquilla,Department Store,Elvia Sandoval,SportRetail Pro Resistance Bands v3,Colombia,Distributor,delivered,7.4,9410.0,Medio,2024,3,8,Agosto,2024-08,1,0,True,True,0.0,0.0,OK,True
7,47,2024-08-15,delivered,Distributor,6,2,31,SportRetail Pro Performance T-Shirt v1,Apparel,38.11,34.0,0.1,SportRetail Pro Performance T-Shirt v1,Apparel,SportRetail Pro,38.11,0.1,199.0,3.2,475,SR-APP-0031,False,28,Colombia,Barranquilla,Department Store,Elvia Sandoval,SportRetail Pro Performance T-Shirt v1,Colombia,Distributor,delivered,0.1,1295.74,Económico,2024,3,8,Agosto,2024-08,1,0,True,True,0.0,0.0,OK,True
7,47,2024-08-15,delivered,Distributor,6,3,57,CoreFit Sports Bra v2,Apparel,64.26,44.0,7.4,CoreFit Sports Bra v2,Apparel,CoreFit,64.26,7.4,65.0,3.0,690,SR-APP-0057,False,28,Colombia,Barranquilla,Department Store,Elvia Sandoval,CoreFit Sports Bra v2,Colombia,Distributor,delivered,7.4,2827.44,Medio,2024,3,8,Agosto,2024-08,1,0,True,True,0.0,0.0,OK,True
7,47,2024-08-15,delivered,Distributor,6,4,79,UrbanSport Headband v4,Accessories,87.1,105.0,18.0,UrbanSport Headband v4,Accessories,UrbanSport,87.1,18.0,398.0,,328,SR-ACC-0079,False,28,Colombia,Barranquilla,Department Store,Elvia Sandoval,UrbanSport Headband v4,Colombia,Distributor,delivered,18.0,9145.5,Medio,2024,3,8,Agosto,2024-08,1,0,True,True,0.0,0.0,Calificación nula,True
7,47,2024-08-15,delivered,Distributor,6,5,37,SpeedMax Training Shorts v2,Apparel,34.4,111.0,16.1,SpeedMax Training Shorts v2,Apparel,SpeedMax,34.4,16.1,234.0,,779,SR-APP-0037,False,28,Colombia,Barranquilla,Department Store,Elvia Sandoval,SpeedMax Training Shorts v2,Colombia,Distributor,delivered,16.1,3818.3999999999996,Económico,2024,3,8,Agosto,2024-08,1,0,True,True,0.0,0.0,Calificación nula,True
7,47,2024-08-15,delivered,Distributor,6,6,97,UrbanSport Jump Rope v2,Equipment,105.17,91.0,2.1,UrbanSport Jump Rope v2,Equipment,UrbanSport,105.17,2.1,127.0,2.8,792,SR-EQU-0097,False,28,Colombia,Barranquilla,Department Store,Elvia Sandoval,UrbanSport Jump Rope v2,Colombia,Distributor,delivered,2.1,9570.47,Medio,2024,3,8,Agosto,2024-08,1,0,True,True,0.0,0.0,OK,True
8,65,2024-02-10,confirmed,Direct Sales,5,1,54,SpeedMax Football Jersey v4,Apparel,118.95,82.0,4.8,SpeedMax Football Jersey v4,Apparel,SpeedMax,118.95,4.8,22.0,4.3,11,SR-APP-0054,False,47,Argentina,Tucumán,Department Store,Josefina Duarte,SpeedMax Football Jersey v4,Argentina,Direct Sales,confirmed,4.8,9753.9,Medio,2024,1,2,Febrero,2024-02,0,0,True,True,0.0,0.0,OK,True
8,65,2024-02-10,confirmed,Direct Sales,5,2,21,SpeedMax Football Boots v1,Footwear,268.04,37.0,4.1,SpeedMax Football Boots v1,Footwear,SpeedMax,268.04,4.1,270.0,4.7,443,SR-FOO-0021,False,47,Argentina,Tucumán,Department Store,Josefina Duarte,SpeedMax Football Boots v1,Argentina,Direct Sales,confirmed,4.1,9917.480000000001,Premium,2024,1,2,Febrero,2024-02,0,0,True,True,0.0,0.0,OK,True
8,65,2024-02-10,confirmed,Direct Sales,5,3,105,UrbanSport Yoga Mat v5,Equipment,61.91,66.0,2.0,UrbanSport Yoga Mat v5,Equipment,UrbanSport,61.91,2.0,20.0,4.7,762,SR-EQU-0105,False,47,Argentina,Tucumán,Department Store,Josefina Duarte,UrbanSport Yoga Mat v5,Argentina,Direct Sales,confirmed,2.0,4086.06,Medio,2024,1,2,Febrero,2024-02,0,0,True,True,0.0,0.0,OK,True
8,65,2024-02-10,confirmed,Direct Sales,5,4,26,SpeedMax Tennis Shoes v1,Footwear,236.69,75.0,4.8,SpeedMax Tennis Shoes v1,Footwear,SpeedMax,236.69,4.8,49.0,4.1,372,SR-FOO-0026,False,47,Argentina,Tucumán,Department Store,Josefina Duarte,SpeedMax Tennis Shoes v1,Argentina,Direct Sales,confirmed,4.8,17751.75,Premium,2024,1,2,Febrero,2024-02,0,0,True,True,0.0,0.0,Revenue extremo por IQR,True
8,65,2024-02-10,confirmed,Direct Sales,5,5,103,PowerEdge Yoga Mat v3,Equipment,29.15,96.0,6.6,PowerEdge Yoga Mat v3,Equipment,PowerEdge,29.15,6.6,72.0,2.7,179,SR-EQU-0103,False,47,Argentina,Tucumán,Department Store,Josefina Duarte,PowerEdge Yoga Mat v3,Argentina,Direct Sales,confirmed,6.6,2798.3999999999996,Económico,2024,1,2,Febrero,2024-02,0,0,True,True,0.0,0.0,OK,True
9,35,2024-07-17,shipped,Distributor,4,1,116,SpeedMax Agility Ladder v1,Equipment,33.11,60.0,15.0,SpeedMax Agility Ladder v1,Equipment,SpeedMax,33.11,15.0,382.0,4.7,81,SR-EQU-0116,False,42,Argentina,Tucumán,Independent,Mateo Ramirez,SpeedMax Agility Ladder v1,Argentina,Distributor,shipped,15.0,1986.6,Económico,2024,3,7,Julio,2024-07,0,0,True,True,0.0,0.0,OK,True
9,35,2024-07-17,shipped,Distributor,4,2,66,UrbanSport Water Bottle v1,Accessories,44.14,33.0,22.7,UrbanSport Water Bottle v1,Accessories,UrbanSport,44.14,22.7,228.0,4.7,771,SR-ACC-0066,False,42,Argentina,Tucumán,Independent,Mateo Ramirez,UrbanSport Water Bottle v1,Argentina,Distributor,shipped,22.7,1456.6200000000001,Económico,2024,3,7,Julio,2024-07,0,0,True,True,0.0,0.0,OK,True
9,35,2024-07-17,shipped,Distributor,4,3,19,SportRetail Pro Slides v4,Footwear,264.05,118.0,22.0,SportRetail Pro Slides v4,Footwear,SportRetail Pro,264.05,22.0,425.0,4.5,255,SR-FOO-0019,False,42,Argentina,Tucumán,Independent,Mateo Ramirez,SportRetail Pro Slides v4,Argentina,Distributor,shipped,22.0,31157.9,Premium,2024,3,7,Julio,2024-07,0,0,True,True,0.0,0.0,Revenue extremo por IQR,True
9,35,2024-07-17,shipped,Distributor,4,4,107,CoreFit Foam Roller v2,Equipment,69.74,8.0,19.1,CoreFit Foam Roller v2,Equipment,CoreFit,69.74,19.1,89.0,3.7,677,SR-EQU-0107,False,42,Argentina,Tucumán,Independent,Mateo Ramirez,CoreFit Foam Roller v2,Argentina,Distributor,shipped,19.1,557.92,Medio,2024,3,7,Julio,2024-07,0,0,True,True,0.0,0.0,OK,True
10,11,2024-05-27,delivered,Direct Sales,3,1,29,SportRetail Pro Tennis Shoes v4,Footwear,154.7,17.0,21.5,SportRetail Pro Tennis Shoes v4,Footwear,SportRetail Pro,154.7,21.5,281.0,2.7,677,SR-FOO-0029,False,45,Perú,Piura,Online Retailer,Flavio Ramos,SportRetail Pro Tennis Shoes v4,Perú,Direct Sales,delivered,21.5,2629.8999999999996,Medio,2024,2,5,Mayo,2024-05,1,0,True,True,0.0,0.0,OK,True
10,11,2024-05-27,delivered,Direct Sales,3,2,4,AthletX Running Shoes v4,Footwear,212.08,88.0,8.5,AthletX Running Shoes v4,Footwear,AthletX,212.08,8.5,79.0,3.0,791,SR-FOO-0004,False,45,Perú,Piura,Online Retailer,Flavio Ramos,AthletX Running Shoes v4,Perú,Direct Sales,delivered,8.5,18663.04,Premium,2024,2,5,Mayo,2024-05,1,0,True,True,0.0,0.0,Revenue extremo por IQR,True
10,11,2024-05-27,delivered,Direct Sales,3,3,41,CoreFit Track Jacket v1,Apparel,32.7,23.0,2.7,CoreFit Track Jacket v1,Apparel,CoreFit,32.7,2.7,283.0,2.9,298,SR-APP-0041,False,45,Perú,Piura,Online Retailer,Flavio Ramos,CoreFit Track Jacket v1,Perú,Direct Sales,delivered,2.7,752.1,Económico,2024,2,5,Mayo,2024-05,1,0,True,True,0.0,0.0,OK,True
11,98,2024-07-21,delivered,Distributor,6,1,61,AthletX Sport Backpack v1,Accessories,63.82,7.0,5.6,AthletX Sport Backpack v1,Accessories,AthletX,63.82,5.6,101.0,2.9,57,SR-ACC-0061,False,27,Perú,Lima,Superstore,Chita Rey,AthletX Sport Backpack v1,Perú,Distributor,delivered,5.6,446.74,Medio,2024,3,7,Julio,2024-07,1,0,True,True,0.0,0.0,OK,True
11,98,2024-07-21,delivered,Distributor,6,2,58,AthletX Sports Bra v3,Apparel,87.71,111.0,7.5,AthletX Sports Bra v3,Apparel,AthletX,87.71,7.5,280.0,4.6,321,SR-APP-0058,False,27,Perú,Lima,Superstore,Chita Rey,AthletX Sports Bra v3,Perú,Distributor,delivered,7.5,9735.81,Medio,2024,3,7,Julio,2024-07,1,0,True,True,0.0,0.0,OK,True
11,98,2024-07-21,delivered,Distributor,6,3,79,UrbanSport Headband v4,Accessories,87.1,98.0,18.0,UrbanSport Headband v4,Accessories,UrbanSport,87.1,18.0,398.0,,328,SR-ACC-0079,False,27,Perú,Lima,Superstore,Chita Rey,UrbanSport Headband v4,Perú,Distributor,delivered,18.0,8535.8,Medio,2024,3,7,Julio,2024-07,1,0,True,True,0.0,0.0,Calificación nula,True
11,98,2024-07-21,delivered,Distributor,6,4,1,PowerEdge Running Shoes v1,Footwear,80.05,59.0,18.5,PowerEdge Running Shoes v1,Footwear,PowerEdge,80.05,18.5,125.0,3.1,764,SR-FOO-0001,False,27,Perú,Lima,Superstore,Chita Rey,PowerEdge Running Shoes v1,Perú,Distributor,delivered,18.5,4722.95,Medio,2024,3,7,Julio,2024-07,1,0,True,True,0.0,0.0,OK,True
11,98,2024-07-21,delivered,Distributor,6,5,116,SpeedMax Agility Ladder v1,Equipment,33.11,41.0,15.0,SpeedMax Agility Ladder v1,Equipment,SpeedMax,33.11,15.0,382.0,4.7,81,SR-EQU-0116,False,27,Perú,Lima,Superstore,Chita Rey,SpeedMax Agility Ladder v1,Perú,Distributor,delivered,15.0,1357.51,Económico,2024,3,7,Julio,2024-07,1,0,True,True,0.0,0.0,OK,True
11,98,2024-07-21,delivered,Distributor,6,6,11,UrbanSport Training Shoes v1,Footwear,252.18,20.0,7.9,UrbanSport Training Shoes v1,Footwear,UrbanSport,252.18,7.9,335.0,3.7,668,SR-FOO-0011,False,27,Perú,Lima,Superstore,Chita Rey,UrbanSport Training Shoes v1,Perú,Distributor,delivered,7.9,5043.6,Premium,2024,3,7,Julio,2024-07,1,0,True,True,0.0,0.0,OK,True
12,9,2024-09-01,delivered,E-commerce B2B,1,1,108,UrbanSport Foam Roller v3,Equipment,56.41,120.0,20.4,UrbanSport Foam Roller v3,Equipment,UrbanSport,56.41,20.4,496.0,2.7,366,SR-EQU-0108,False,29,Colombia,Cali,Department Store,Anderson Estrada,UrbanSport Foam Roller v3,Colombia,E-commerce B2B,delivered,20.4,6769.2,Medio,2024,3,9,Septiembre,2024-09,1,0,True,True,0.0,0.0,OK,True
13,31,2024-09-01,shipped,Distributor,6,1,19,SportRetail Pro Slides v4,Footwear,264.05,35.0,22.0,SportRetail Pro Slides v4,Footwear,SportRetail Pro,264.05,22.0,425.0,4.5,255,SR-FOO-0019,False,31,Perú,Trujillo,Superstore,Jesusa Hervia,SportRetail Pro Slides v4,Perú,Distributor,shipped,22.0,9241.75,Premium,2024,3,9,Septiembre,2024-09,0,0,True,True,0.0,0.0,OK,True
13,31,2024-09-01,shipped,Distributor,6,2,38,UrbanSport Training Shorts v3,Apparel,129.83,28.0,24.9,UrbanSport Training Shorts v3,Apparel,UrbanSport,129.83,24.9,37.0,3.8,528,SR-APP-0038,False,31,Perú,Trujillo,Superstore,Jesusa Hervia,UrbanSport Training Shorts v3,Perú,Distributor,shipped,24.9,3635.2400000000002,Medio,2024,3,9,Septiembre,2024-09,0,0,True,True,0.0,0.0,OK,True
13,31,2024-09-01,shipped,Distributor,6,3,55,PowerEdge Football Jersey v5,Apparel,99.14,15.0,18.5,PowerEdge Football Jersey v5,Apparel,PowerEdge,99.14,18.5,343.0,3.0,451,SR-APP-0055,False,31,Perú,Trujillo,Superstore,Jesusa Hervia,PowerEdge Football Jersey v5,Perú,Distributor,shipped,18.5,1487.1,Medio,2024,3,9,Septiembre,2024-09,0,0,True,True,0.0,0.0,OK,True
13,31,2024-09-01,shipped,Distributor,6,4,1,PowerEdge Running Shoes v1,Footwear,80.05,51.0,18.5,PowerEdge Running Shoes v1,Footwear,PowerEdge,80.05,18.5,125.0,3.1,764,SR-FOO-0001,False,31,Perú,Trujillo,Superstore,Jesusa Hervia,PowerEdge Running Shoes v1,Perú,Distributor,shipped,18.5,4082.5499999999997,Medio,2024,3,9,Septiembre,2024-09,0,0,True,True,0.0,0.0,OK,True
13,31,2024-09-01,shipped,Distributor,6,5,79,UrbanSport Headband v4,Accessories,87.1,72.0,18.0,UrbanSport Headband v4,Accessories,UrbanSport,87.1,18.0,398.0,,328,SR-ACC-0079,False,31,Perú,Trujillo,Superstore,Jesusa Hervia,UrbanSport Headband v4,Perú,Distributor,shipped,18.0,6271.2,Medio,2024,3,9,Septiembre,2024-09,0,0,True,True,0.0,0.0,Calificación nula,True
13,31,2024-09-01,shipped,Distributor,6,6,46,SportRetail Pro Compression Tights v1,Apparel,118.88,105.0,5.3,SportRetail Pro Compression Tights v1,Apparel,SportRetail Pro,118.88,5.3,127.0,4.2,372,SR-APP-0046,False,31,Perú,Trujillo,Superstore,Jesusa Hervia,SportRetail Pro Compression Tights v1,Perú,Distributor,shipped,5.3,12482.4,Medio,2024,3,9,Septiembre,2024-09,0,0,True,True,0.0,0.0,OK,True
14,6,2024-11-06,delivered,E-commerce B2B,6,1,50,SpeedMax Compression Tights v5,Apparel,58.46,105.0,20.5,SpeedMax Compression Tights v5,Apparel,SpeedMax,58.46,20.5,446.0,3.1,34,SR-APP-0050,False,30,Chile,Valparaíso,Independent,Roxana Jara,SpeedMax Compression Tights v5,Chile,E-commerce B2B,delivered,20.5,6138.3,Medio,2024,4,11,Noviembre,2024-11,1,0,True,True,0.0,0.0,OK,True
14,6,2024-11-06,delivered,E-commerce B2B,6,2,48,SpeedMax Compression Tights v3,Apparel,22.73,35.0,18.4,SpeedMax Compression Tights v3,Apparel,SpeedMax,22.73,18.4,170.0,4.5,431,SR-APP-0048,False,30,Chile,Valparaíso,Independent,Roxana Jara,SpeedMax Compression Tights v3,Chile,E-commerce B2B,delivered,18.4,795.5500000000001,Económico,2024,4,11,Noviembre,2024-11,1,0,True,True,0.0,0.0,OK,True
14,6,2024-11-06,delivered,E-commerce B2B,6,3,33,UrbanSport Performance T-Shirt v3,Apparel,100.93,85.0,1.5,UrbanSport Performance T-Shirt v3,Apparel,UrbanSport,100.93,1.5,160.0,2.6,608,SR-APP-0033,False,30,Chile,Valparaíso,Independent,Roxana Jara,UrbanSport Performance T-Shirt v3,Chile,E-commerce B2B,delivered,1.5,8579.050000000001,Medio,2024,4,11,Noviembre,2024-11,1,0,True,True,0.0,0.0,OK,True
14,6,2024-11-06,delivered,E-commerce B2B,6,4,96,SportRetail Pro Jump Rope v1,Equipment,93.1,79.0,10.0,SportRetail Pro Jump Rope v1,Equipment,SportRetail Pro,93.1,10.0,37.0,3.9,712,SR-EQU-0096,False,30,Chile,Valparaíso,Independent,Roxana Jara,SportRetail Pro Jump Rope v1,Chile,E-commerce B2B,delivered,10.0,7354.9,Medio,2024,4,11,Noviembre,2024-11,1,0,True,True,0.0,0.0,OK,True
14,6,2024-11-06,delivered,E-commerce B2B,6,5,3,AthletX Running Shoes v3,Footwear,216.1,47.0,17.5,AthletX Running Shoes v3,Footwear,AthletX,216.1,17.5,214.0,3.1,613,SR-FOO-0003,False,30,Chile,Valparaíso,Independent,Roxana Jara,AthletX Running Shoes v3,Chile,E-commerce B2B,delivered,17.5,10156.699999999999,Premium,2024,4,11,Noviembre,2024-11,1,0,True,True,0.0,0.0,OK,True
14,6,2024-11-06,delivered,E-commerce B2B,6,6,46,SportRetail Pro Compression Tights v1,Apparel,118.88,50.0,5.3,SportRetail Pro Compression Tights v1,Apparel,SportRetail Pro,118.88,5.3,127.0,4.2,372,SR-APP-0046,False,30,Chile,Valparaíso,Independent,Roxana Jara,SportRetail Pro Compression Tights v1,Chile,E-commerce B2B,delivered,5.3,5944.0,Medio,2024,4,11,Noviembre,2024-11,1,0,True,True,0.0,0.0,OK,True
15,60,2024-09-16,shipped,E-commerce B2B,6,1,62,SportRetail Pro Sport Backpack v2,Accessories,46.43,96.0,22.2,SportRetail Pro Sport Backpack v2,Accessories,SportRetail Pro,46.43,22.2,294.0,3.0,723,SR-ACC-0062,False,29,Argentina,Rosario,Superstore,Lautaro Campos,SportRetail Pro Sport Backpack v2,Argentina,E-commerce B2B,shipped,22.2,4457.28,Económico,2024,3,9,Septiembre,2024-09,0,0,True,True,0.0,0.0,OK,True
15,60,2024-09-16,shipped,E-commerce B2B,6,2,81,PowerEdge Gym Bag v1,Accessories,29.43,63.0,17.4,PowerEdge Gym Bag v1,Accessories,PowerEdge,29.43,17.4,154.0,4.6,624,SR-ACC-0081,False,29,Argentina,Rosario,Superstore,Lautaro Campos,PowerEdge Gym Bag v1,Argentina,E-commerce B2B,shipped,17.4,1854.09,Económico,2024,3,9,Septiembre,2024-09,0,0,True,True,0.0,0.0,OK,True
15,60,2024-09-16,shipped,E-commerce B2B,6,3,24,SportRetail Pro Football Boots v4,Footwear,214.26,30.0,1.5,SportRetail Pro Football Boots v4,Footwear,SportRetail Pro,214.26,1.5,34.0,4.8,348,SR-FOO-0024,False,29,Argentina,Rosario,Superstore,Lautaro Campos,SportRetail Pro Football Boots v4,Argentina,E-commerce B2B,shipped,1.5,6427.799999999999,Premium,2024,3,9,Septiembre,2024-09,0,0,True,True,0.0,0.0,OK,True
15,60,2024-09-16,shipped,E-commerce B2B,6,4,104,UrbanSport Yoga Mat v4,Equipment,102.51,30.0,11.0,UrbanSport Yoga Mat v4,Equipment,UrbanSport,102.51,11.0,239.0,4.2,726,SR-EQU-0104,False,29,Argentina,Rosario,Superstore,Lautaro Campos,UrbanSport Yoga Mat v4,Argentina,E-commerce B2B,shipped,11.0,3075.3,Medio,2024,3,9,Septiembre,2024-09,0,0,True,True,0.0,0.0,OK,True
15,60,2024-09-16,shipped,E-commerce B2B,6,5,18,CoreFit Slides v3,Footwear,226.56,45.0,13.5,CoreFit Slides v3,Footwear,CoreFit,226.56,13.5,398.0,4.8,10,SR-FOO-0018,False,29,Argentina,Rosario,Superstore,Lautaro Campos,CoreFit Slides v3,Argentina,E-commerce B2B,shipped,13.5,10195.2,Premium,2024,3,9,Septiembre,2024-09,0,0,True,True,0.0,0.0,OK,True
15,60,2024-09-16,shipped,E-commerce B2B,6,6,9,AthletX Basketball Shoes v4,Footwear,175.18,70.0,6.1,AthletX Basketball Shoes v4,Footwear,AthletX,175.18,6.1,236.0,3.4,665,SR-FOO-0009,False,29,Argentina,Rosario,Superstore,Lautaro Campos,AthletX Basketball Shoes v4,Argentina,E-commerce B2B,shipped,6.1,12262.6,Medio,2024,3,9,Septiembre,2024-09,0,0,True,True,0.0,0.0,OK,True
16,25,2024-07-24,shipped,Distributor,3,1,46,SportRetail Pro Compression Tights v1,Apparel,118.88,11.0,5.3,SportRetail Pro Compression Tights v1,Apparel,SportRetail Pro,118.88,5.3,127.0,4.2,372,SR-APP-0046,False,44,Argentina,Tucumán,Independent,Agostina Ruiz,SportRetail Pro Compression Tights v1,Argentina,Distributor,shipped,5.3,1307.6799999999998,Medio,2024,3,7,Julio,2024-07,0,0,True,True,0.0,0.0,OK,True
16,25,2024-07-24,shipped,Distributor,3,2,111,SportRetail Pro Training Gloves v1,Equipment,77.48,47.0,13.6,SportRetail Pro Training Gloves v1,Equipment,SportRetail Pro,77.48,13.6,211.0,2.6,540,SR-EQU-0111,False,44,Argentina,Tucumán,Independent,Agostina Ruiz,SportRetail Pro Training Gloves v1,Argentina,Distributor,shipped,13.6,3641.5600000000004,Medio,2024,3,7,Julio,2024-07,0,0,True,True,0.0,0.0,OK,True
16,25,2024-07-24,shipped,Distributor,3,3,100,PowerEdge Jump Rope v5,Equipment,22.71,107.0,6.0,PowerEdge Jump Rope v5,Equipment,PowerEdge,22.71,6.0,282.0,2.7,12,SR-EQU-0100,False,44,Argentina,Tucumán,Independent,Agostina Ruiz,PowerEdge Jump Rope v5,Argentina,Distributor,shipped,6.0,2429.9700000000003,Económico,2024,3,7,Julio,2024-07,0,0,True,True,0.0,0.0,OK,True
17,44,2024-02-24,shipped,Distributor,2,1,64,PowerEdge Sport Backpack v4,Accessories,51.44,68.0,1.3,PowerEdge Sport Backpack v4,Accessories,PowerEdge,51.44,1.3,127.0,4.8,134,SR-ACC-0064,False,30,México,Ciudad de México,Superstore,Florencia Aguirre,PowerEdge Sport Backpack v4,México,Distributor,shipped,1.3,3497.92,Medio,2024,1,2,Febrero,2024-02,0,0,True,True,0.0,0.0,OK,True
17,44,2024-02-24,shipped,Distributor,2,2,89,SpeedMax Sport Socks v4,Accessories,73.43,107.0,2.3,SpeedMax Sport Socks v4,Accessories,SpeedMax,73.43,2.3,113.0,3.5,259,SR-ACC-0089,False,30,México,Ciudad de México,Superstore,Florencia Aguirre,SpeedMax Sport Socks v4,México,Distributor,shipped,2.3,7857.010000000001,Medio,2024,1,2,Febrero,2024-02,0,0,True,True,0.0,0.0,OK,True
18,78,2024-05-15,delivered,Distributor,2,1,70,SpeedMax Water Bottle v5,Accessories,41.16,46.0,19.2,SpeedMax Water Bottle v5,Accessories,SpeedMax,41.16,19.2,484.0,4.2,793,SR-ACC-0070,False,46,Colombia,Medellín,Sports Chain,Lucía Navarro,SpeedMax Water Bottle v5,Colombia,Distributor,delivered,19.2,1893.36,Económico,2024,2,5,Mayo,2024-05,1,0,True,True,0.0,0.0,OK,True
18,78,2024-05-15,delivered,Distributor,2,2,38,UrbanSport Training Shorts v3,Apparel,129.83,46.0,24.9,UrbanSport Training Shorts v3,Apparel,UrbanSport,129.83,24.9,37.0,3.8,528,SR-APP-0038,False,46,Colombia,Medellín,Sports Chain,Lucía Navarro,UrbanSport Training Shorts v3,Colombia,Distributor,delivered,24.9,5972.18,Medio,2024,2,5,Mayo,2024-05,1,0,True,True,0.0,0.0,OK,True
19,22,2024-03-01,confirmed,E-commerce B2B,6,1,57,CoreFit Sports Bra v2,Apparel,64.26,50.0,7.4,CoreFit Sports Bra v2,Apparel,CoreFit,64.26,7.4,65.0,3.0,690,SR-APP-0057,False,39,México,Puebla,Independent,Eloisa Olivo,CoreFit Sports Bra v2,México,E-commerce B2B,confirmed,7.4,3213.0000000000005,Medio,2024,1,3,Marzo,2024-03,0,0,True,True,0.0,0.0,OK,True
19,22,2024-03-01,confirmed,E-commerce B2B,6,2,45,CoreFit Track Jacket v5,Apparel,84.08,60.0,3.7,CoreFit Track Jacket v5,Apparel,CoreFit,84.08,3.7,65.0,2.6,383,SR-APP-0045,False,39,México,Puebla,Independent,Eloisa Olivo,CoreFit Track Jacket v5,México,E-commerce B2B,confirmed,3.7,5044.8,Medio,2024,1,3,Marzo,2024-03,0,0,True,True,0.0,0.0,OK,True
19,22,2024-03-01,confirmed,E-commerce B2B,6,3,58,AthletX Sports Bra v3,Apparel,87.71,106.0,7.5,AthletX Sports Bra v3,Apparel,AthletX,87.71,7.5,280.0,4.6,321,SR-APP-0058,False,39,México,Puebla,Independent,Eloisa Olivo,AthletX Sports Bra v3,México,E-commerce B2B,confirmed,7.5,9297.26,Medio,2024,1,3,Marzo,2024-03,0,0,True,True,0.0,0.0,OK,True
19,22,2024-03-01,confirmed,E-commerce B2B,6,4,6,SpeedMax Basketball Shoes v1,Footwear,72.73,14.0,7.3,SpeedMax Basketball Shoes v1,Footwear,SpeedMax,72.73,7.3,321.0,4.0,380,SR-FOO-0006,False,39,México,Puebla,Independent,Eloisa Olivo,SpeedMax Basketball Shoes v1,México,E-commerce B2B,confirmed,7.3,1018.22,Medio,2024,1,3,Marzo,2024-03,0,0,True,True,0.0,0.0,OK,True
19,22,2024-03-01,confirmed,E-commerce B2B,6,5,94,SportRetail Pro Resistance Bands v4,Equipment,107.56,56.0,13.8,SportRetail Pro Resistance Bands v4,Equipment,SportRetail Pro,107.56,13.8,357.0,4.9,663,SR-EQU-0094,False,39,México,Puebla,Independent,Eloisa Olivo,SportRetail Pro Resistance Bands v4,México,E-commerce B2B,confirmed,13.8,6023.360000000001,Medio,2024,1,3,Marzo,2024-03,0,0,True,True,0.0,0.0,OK,True
19,22,2024-03-01,confirmed,E-commerce B2B,6,6,112,PowerEdge Training Gloves v2,Equipment,56.99,107.0,1.3,PowerEdge Training Gloves v2,Equipment,PowerEdge,56.99,1.3,136.0,3.9,304,SR-EQU-0112,False,39,México,Puebla,Independent,Eloisa Olivo,PowerEdge Training Gloves v2,México,E-commerce B2B,confirmed,1.3,6097.93,Medio,2024,1,3,Marzo,2024-03,0,0,True,True,0.0,0.0,OK,True
20,87,2024-06-12,shipped,Direct Sales,4,1,5,SportRetail Pro Running Shoes v5,Footwear,135.77,104.0,8.6,SportRetail Pro Running Shoes v5,Footwear,SportRetail Pro,135.77,8.6,135.0,4.5,757,SR-FOO-0005,False,54,Chile,Santiago,Superstore,Karina Ibarra,SportRetail Pro Running Shoes v5,Chile,Direct Sales,shipped,8.6,14120.080000000002,Medio,2024,2,6,Junio,2024-06,0,0,True,True,0.0,0.0,OK,True
20,87,2024-06-12,shipped,Direct Sales,4,2,17,AthletX Slides v2,Footwear,169.23,51.0,2.7,AthletX Slides v2,Footwear,AthletX,169.23,2.7,320.0,3.2,664,SR-FOO-0017,False,54,Chile,Santiago,Superstore,Karina Ibarra,AthletX Slides v2,Chile,Direct Sales,shipped,2.7,8630.73,Medio,2024,2,6,Junio,2024-06,0,0,True,True,0.0,0.0,OK,True
20,87,2024-06-12,shipped,Direct Sales,4,3,9,AthletX Basketball Shoes v4,Footwear,175.18,77.0,6.1,AthletX Basketball Shoes v4,Footwear,AthletX,175.18,6.1,236.0,3.4,665,SR-FOO-0009,False,54,Chile,Santiago,Superstore,Karina Ibarra,AthletX Basketball Shoes v4,Chile,Direct Sales,shipped,6.1,13488.86,Medio,2024,2,6,Junio,2024-06,0,0,True,True,0.0,0.0,OK,True
20,87,2024-06-12,shipped,Direct Sales,4,4,31,SportRetail Pro Performance T-Shirt v1,Apparel,38.11,24.0,0.1,SportRetail Pro Performance T-Shirt v1,Apparel,SportRetail Pro,38.11,0.1,199.0,3.2,475,SR-APP-0031,False,54,Chile,Santiago,Superstore,Karina Ibarra,SportRetail Pro Performance T-Shirt v1,Chile,Direct Sales,shipped,0.1,914.64,Económico,2024,2,6,Junio,2024-06,0,0,True,True,0.0,0.0,OK,True
21,74,2024-02-01,delivered,Distributor,2,1,68,PowerEdge Water Bottle v3,Accessories,32.86,55.0,6.8,PowerEdge Water Bottle v3,Accessories,PowerEdge,32.86,6.8,163.0,4.7,92,SR-ACC-0068,False,36,Colombia,Bogotá,Superstore,Jenny Ospina,PowerEdge Water Bottle v3,Colombia,Distributor,delivered,6.8,1807.3,Económico,2024,1,2,Febrero,2024-02,1,0,True,True,0.0,0.0,OK,True
21,74,2024-02-01,delivered,Distributor,2,2,47,SpeedMax Compression Tights v2,Apparel,127.12,40.0,18.7,SpeedMax Compression Tights v2,Apparel,SpeedMax,127.12,18.7,473.0,4.8,176,SR-APP-0047,False,36,Colombia,Bogotá,Superstore,Jenny Ospina,SpeedMax Compression Tights v2,Colombia,Distributor,delivered,18.7,5084.8,Medio,2024,1,2,Febrero,2024-02,1,0,True,True,0.0,0.0,OK,True
22,67,2024-03-28,confirmed,Direct Sales,4,1,117,SpeedMax Agility Ladder v2,Equipment,47.29,104.0,19.7,SpeedMax Agility Ladder v2,Equipment,SpeedMax,47.29,19.7,136.0,4.6,299,SR-EQU-0117,False,43,Colombia,Barranquilla,Independent,Omar Cortés,SpeedMax Agility Ladder v2,Colombia,Direct Sales,confirmed,19.7,4918.16,Económico,2024,1,3,Marzo,2024-03,0,0,True,True,0.0,0.0,OK,True
22,67,2024-03-28,confirmed,Direct Sales,4,2,72,UrbanSport Cap v2,Accessories,81.82,62.0,12.2,UrbanSport Cap v2,Accessories,UrbanSport,81.82,12.2,139.0,3.6,39,SR-ACC-0072,False,43,Colombia,Barranquilla,Independent,Omar Cortés,UrbanSport Cap v2,Colombia,Direct Sales,confirmed,12.2,5072.839999999999,Medio,2024,1,3,Marzo,2024-03,0,0,True,True,0.0,0.0,OK,True
22,67,2024-03-28,confirmed,Direct Sales,4,3,16,CoreFit Slides v1,Footwear,152.82,83.0,11.3,CoreFit Slides v1,Footwear,CoreFit,152.82,11.3,488.0,4.3,746,SR-FOO-0016,False,43,Colombia,Barranquilla,Independent,Omar Cortés,CoreFit Slides v1,Colombia,Direct Sales,confirmed,11.3,12684.06,Medio,2024,1,3,Marzo,2024-03,0,0,True,True,0.0,0.0,OK,True
22,67,2024-03-28,confirmed,Direct Sales,4,4,34,UrbanSport Performance T-Shirt v4,Apparel,37.32,67.0,24.0,UrbanSport Performance T-Shirt v4,Apparel,UrbanSport,37.32,24.0,41.0,4.6,80,SR-APP-0034,False,43,Colombia,Barranquilla,Independent,Omar Cortés,UrbanSport Performance T-Shirt v4,Colombia,Direct Sales,confirmed,24.0,2500.44,Económico,2024,1,3,Marzo,2024-03,0,0,True,True,0.0,0.0,OK,True
23,92,2024-12-23,cancelled,E-commerce B2B,4,1,12,AthletX Training Shoes v2,Footwear,222.62,45.0,13.5,AthletX Training Shoes v2,Footwear,AthletX,222.62,13.5,382.0,4.0,607,SR-FOO-0012,False,50,Colombia,Barranquilla,Superstore,Wilmer González,AthletX Training Shoes v2,Colombia,E-commerce B2B,cancelled,13.5,10017.9,Premium,2024,4,12,Diciembre,2024-12,0,1,True,True,0.0,0.0,OK,True
23,92,2024-12-23,cancelled,E-commerce B2B,4,2,104,UrbanSport Yoga Mat v4,Equipment,102.51,95.0,11.0,UrbanSport Yoga Mat v4,Equipment,UrbanSport,102.51,11.0,239.0,4.2,726,SR-EQU-0104,False,50,Colombia,Barranquilla,Superstore,Wilmer González,UrbanSport Yoga Mat v4,Colombia,E-commerce B2B,cancelled,11.0,9738.45,Medio,2024,4,12,Diciembre,2024-12,0,1,True,True,0.0,0.0,OK,True
23,92,2024-12-23,cancelled,E-commerce B2B,4,3,88,SportRetail Pro Sport Socks v3,Accessories,29.31,74.0,10.2,SportRetail Pro Sport Socks v3,Accessories,SportRetail Pro,29.31,10.2,284.0,4.4,717,SR-ACC-0088,False,50,Colombia,Barranquilla,Superstore,Wilmer González,SportRetail Pro Sport Socks v3,Colombia,E-commerce B2B,cancelled,10.2,2168.94,Económico,2024,4,12,Diciembre,2024-12,0,1,True,True,0.0,0.0,OK,True
23,92,2024-12-23,cancelled,E-commerce B2B,4,4,109,SportRetail Pro Foam Roller v4,Equipment,96.48,43.0,8.2,SportRetail Pro Foam Roller v4,Equipment,SportRetail Pro,96.48,8.2,355.0,3.7,688,SR-EQU-0109,False,50,Colombia,Barranquilla,Superstore,Wilmer González,SportRetail Pro Foam Roller v4,Colombia,E-commerce B2B,cancelled,8.2,4148.64,Medio,2024,4,12,Diciembre,2024-12,0,1,True,True,0.0,0.0,OK,True
24,23,2024-10-12,delivered,E-commerce B2B,3,1,66,UrbanSport Water Bottle v1,Accessories,44.14,30.0,22.7,UrbanSport Water Bottle v1,Accessories,UrbanSport,44.14,22.7,228.0,4.7,771,SR-ACC-0066,False,50,Argentina,Córdoba,Sports Chain,Giuliana Garcia,UrbanSport Water Bottle v1,Argentina,E-commerce B2B,delivered,22.7,1324.2,Económico,2024,4,10,Octubre,2024-10,1,0,True,True,0.0,0.0,OK,True
24,23,2024-10-12,delivered,E-commerce B2B,3,2,29,SportRetail Pro Tennis Shoes v4,Footwear,154.7,35.0,21.5,SportRetail Pro Tennis Shoes v4,Footwear,SportRetail Pro,154.7,21.5,281.0,2.7,677,SR-FOO-0029,False,50,Argentina,Córdoba,Sports Chain,Giuliana Garcia,SportRetail Pro Tennis Shoes v4,Argentina,E-commerce B2B,delivered,21.5,5414.5,Medio,2024,4,10,Octubre,2024-10,1,0,True,True,0.0,0.0,OK,True
24,23,2024-10-12,delivered,E-commerce B2B,3,3,16,CoreFit Slides v1,Footwear,152.82,8.0,11.3,CoreFit Slides v1,Footwear,CoreFit,152.82,11.3,488.0,4.3,746,SR-FOO-0016,False,50,Argentina,Córdoba,Sports Chain,Giuliana Garcia,CoreFit Slides v1,Argentina,E-commerce B2B,delivered,11.3,1222.56,Medio,2024,4,10,Octubre,2024-10,1,0,True,True,0.0,0.0,OK,True
25,17,2024-08-15,delivered,Distributor,5,1,114,SpeedMax Training Gloves v4,Equipment,23.85,96.0,24.8,SpeedMax Training Gloves v4,Equipment,SpeedMax,23.85,24.8,467.0,2.8,130,SR-EQU-0114,False,29,Perú,Cusco,Department Store,Cristian Otero,SpeedMax Training Gloves v4,Perú,Distributor,delivered,24.8,2289.6000000000004,Económico,2024,3,8,Agosto,2024-08,1,0,True,True,0.0,0.0,OK,True
25,17,2024-08-15,delivered,Distributor,5,2,12,AthletX Training Shoes v2,Footwear,222.62,72.0,13.5,AthletX Training Shoes v2,Footwear,AthletX,222.62,13.5,382.0,4.0,607,SR-FOO-0012,False,29,Perú,Cusco,Department Store,Cristian Otero,AthletX Training Shoes v2,Perú,Distributor,delivered,13.5,16028.64,Premium,2024,3,8,Agosto,2024-08,1,0,True,True,0.0,0.0,OK,True
25,17,2024-08-15,delivered,Distributor,5,3,9,AthletX Basketball Shoes v4,Footwear,175.18,57.0,6.1,AthletX Basketball Shoes v4,Footwear,AthletX,175.18,6.1,236.0,3.4,665,SR-FOO-0009,False,29,Perú,Cusco,Department Store,Cristian Otero,AthletX Basketball Shoes v4,Perú,Distributor,delivered,6.1,9985.26,Medio,2024,3,8,Agosto,2024-08,1,0,True,True,0.0,0.0,OK,True
25,17,2024-08-15,delivered,Distributor,5,4,40,PowerEdge Training Shorts v5,Apparel,78.18,14.0,16.7,PowerEdge Training Shorts v5,Apparel,PowerEdge,78.18,16.7,283.0,3.2,689,SR-APP-0040,False,29,Perú,Cusco,Department Store,Cristian Otero,PowerEdge Training Shorts v5,Perú,Distributor,delivered,16.7,1094.52,Medio,2024,3,8,Agosto,2024-08,1,0,True,True,0.0,0.0,OK,True
25,17,2024-08-15,delivered,Distributor,5,5,51,CoreFit Football Jersey v1,Apparel,115.08,45.0,24.2,CoreFit Football Jersey v1,Apparel,CoreFit,115.08,24.2,142.0,3.4,531,SR-APP-0051,False,29,Perú,Cusco,Department Store,Cristian Otero,CoreFit Football Jersey v1,Perú,Distributor,delivered,24.2,5178.6,Medio,2024,3,8,Agosto,2024-08,1,0,True,True,0.0,0.0,OK,True
26,17,2024-04-12,cancelled,E-commerce B2B,5,1,82,UrbanSport Gym Bag v2,Accessories,72.61,60.0,8.7,UrbanSport Gym Bag v2,Accessories,UrbanSport,72.61,8.7,219.0,4.2,80,SR-ACC-0082,False,29,Perú,Cusco,Department Store,Cristian Otero,UrbanSport Gym Bag v2,Perú,E-commerce B2B,cancelled,8.7,4356.6,Medio,2024,2,4,Abril,2024-04,0,1,True,True,0.0,0.0,OK,True
26,17,2024-04-12,cancelled,E-commerce B2B,5,2,76,CoreFit Headband v1,Accessories,76.79,116.0,11.8,CoreFit Headband v1,Accessories,CoreFit,76.79,11.8,383.0,3.8,368,SR-ACC-0076,False,29,Perú,Cusco,Department Store,Cristian Otero,CoreFit Headband v1,Perú,E-commerce B2B,cancelled,11.8,8907.640000000001,Medio,2024,2,4,Abril,2024-04,0,1,True,True,0.0,0.0,OK,True
26,17,2024-04-12,cancelled,E-commerce B2B,5,3,24,SportRetail Pro Football Boots v4,Footwear,214.26,20.0,1.5,SportRetail Pro Football Boots v4,Footwear,SportRetail Pro,214.26,1.5,34.0,4.8,348,SR-FOO-0024,False,29,Perú,Cusco,Department Store,Cristian Otero,SportRetail Pro Football Boots v4,Perú,E-commerce B2B,cancelled,1.5,4285.2,Premium,2024,2,4,Abril,2024-04,0,1,True,True,0.0,0.0,OK,True
26,17,2024-04-12,cancelled,E-commerce B2B,5,4,99,CoreFit Jump Rope v4,Equipment,69.02,43.0,1.5,CoreFit Jump Rope v4,Equipment,CoreFit,69.02,1.5,491.0,4.4,791,SR-EQU-0099,False,29,Perú,Cusco,Department Store,Cristian Otero,CoreFit Jump Rope v4,Perú,E-commerce B2B,cancelled,1.5,2967.8599999999997,Medio,2024,2,4,Abril,2024-04,0,1,True,True,0.0,0.0,OK,True
26,17,2024-04-12,cancelled,E-commerce B2B,5,5,17,AthletX Slides v2,Footwear,169.23,46.0,2.7,AthletX Slides v2,Footwear,AthletX,169.23,2.7,320.0,3.2,664,SR-FOO-0017,False,29,Perú,Cusco,Department Store,Cristian Otero,AthletX Slides v2,Perú,E-commerce B2B,cancelled,2.7,7784.58,Medio,2024,2,4,Abril,2024-04,0,1,True,True,0.0,0.0,OK,True
27,37,2024-09-09,confirmed,Distributor,1,1,33,UrbanSport Performance T-Shirt v3,Apparel,100.93,30.0,1.5,UrbanSport Performance T-Shirt v3,Apparel,UrbanSport,100.93,1.5,160.0,2.6,608,SR-APP-0033,False,26,Argentina,Buenos Aires,Independent,Luisina Miranda,UrbanSport Performance T-Shirt v3,Argentina,Distributor,confirmed,1.5,3027.9,Medio,2024,3,9,Septiembre,2024-09,0,0,True,True,0.0,0.0,OK,True
28,79,2024-01-03,confirmed,E-commerce B2B,5,1,12,AthletX Training Shoes v2,Footwear,222.62,79.0,13.5,AthletX Training Shoes v2,Footwear,AthletX,222.62,13.5,382.0,4.0,607,SR-FOO-0012,False,44,Chile,Temuco,Department Store,María Guzmán,AthletX Training Shoes v2,Chile,E-commerce B2B,confirmed,13.5,17586.98,Premium,2024,1,1,Enero,2024-01,0,0,True,True,0.0,0.0,Revenue extremo por IQR,True
28,79,2024-01-03,confirmed,E-commerce B2B,5,2,65,PowerEdge Sport Backpack v5,Accessories,52.49,89.0,14.0,PowerEdge Sport Backpack v5,Accessories,PowerEdge,52.49,14.0,162.0,4.9,463,SR-ACC-0065,False,44,Chile,Temuco,Department Store,María Guzmán,PowerEdge Sport Backpack v5,Chile,E-commerce B2B,confirmed,14.0,4671.610000000001,Medio,2024,1,1,Enero,2024-01,0,0,True,True,0.0,0.0,OK,True
28,79,2024-01-03,confirmed,E-commerce B2B,5,3,83,SpeedMax Gym Bag v3,Accessories,75.79,120.0,2.6,SpeedMax Gym Bag v3,Accessories,SpeedMax,75.79,2.6,491.0,3.4,480,SR-ACC-0083,False,44,Chile,Temuco,Department Store,María Guzmán,SpeedMax Gym Bag v3,Chile,E-commerce B2B,confirmed,2.6,9094.800000000001,Medio,2024,1,1,Enero,2024-01,0,0,True,True,0.0,0.0,OK,True
28,79,2024-01-03,confirmed,E-commerce B2B,5,4,22,PowerEdge Football Boots v2,Footwear,210.22,112.0,17.8,PowerEdge Football Boots v2,Footwear,PowerEdge,210.22,17.8,204.0,5.0,675,SR-FOO-0022,False,44,Chile,Temuco,Department Store,María Guzmán,PowerEdge Football Boots v2,Chile,E-commerce B2B,confirmed,17.8,23544.64,Premium,2024,1,1,Enero,2024-01,0,0,True,True,0.0,0.0,Revenue extremo por IQR,True
28,79,2024-01-03,confirmed,E-commerce B2B,5,5,76,CoreFit Headband v1,Accessories,76.79,10.0,11.8,CoreFit Headband v1,Accessories,CoreFit,76.79,11.8,383.0,3.8,368,SR-ACC-0076,False,44,Chile,Temuco,Department Store,María Guzmán,CoreFit Headband v1,Chile,E-commerce B2B,confirmed,11.8,767.9000000000001,Medio,2024,1,1,Enero,2024-01,0,0,True,True,0.0,0.0,OK,True
29,99,2024-11-13,shipped,Direct Sales,5,1,34,UrbanSport Performance T-Shirt v4,Apparel,37.32,58.0,24.0,UrbanSport Performance T-Shirt v4,Apparel,UrbanSport,37.32,24.0,41.0,4.6,80,SR-APP-0034,False,51,Perú,Cusco,Department Store,Ignacia Ariza,UrbanSport Performance T-Shirt v4,Perú,Direct Sales,shipped,24.0,2164.56,Económico,2024,4,11,Noviembre,2024-11,0,0,True,True,0.0,0.0,OK,True
29,99,2024-11-13,shipped,Direct Sales,5,2,84,PowerEdge Gym Bag v4,Accessories,51.74,8.0,16.3,PowerEdge Gym Bag v4,Accessories,PowerEdge,51.74,16.3,315.0,4.5,561,SR-ACC-0084,False,51,Perú,Cusco,Department Store,Ignacia Ariza,PowerEdge Gym Bag v4,Perú,Direct Sales,shipped,16.3,413.92,Medio,2024,4,11,Noviembre,2024-11,0,0,True,True,0.0,0.0,OK,True
29,99,2024-11-13,shipped,Direct Sales,5,3,27,PowerEdge Tennis Shoes v2,Footwear,67.19,85.0,16.3,PowerEdge Tennis Shoes v2,Footwear,PowerEdge,67.19,16.3,330.0,2.7,422,SR-FOO-0027,False,51,Perú,Cusco,Department Store,Ignacia Ariza,PowerEdge Tennis Shoes v2,Perú,Direct Sales,shipped,16.3,5711.15,Medio,2024,4,11,Noviembre,2024-11,0,0,True,True,0.0,0.0,OK,True
29,99,2024-11-13,shipped,Direct Sales,5,4,99,CoreFit Jump Rope v4,Equipment,69.02,87.0,1.5,CoreFit Jump Rope v4,Equipment,CoreFit,69.02,1.5,491.0,4.4,791,SR-EQU-0099,False,51,Perú,Cusco,Department Store,Ignacia Ariza,CoreFit Jump Rope v4,Perú,Direct Sales,shipped,1.5,6004.74,Medio,2024,4,11,Noviembre,2024-11,0,0,True,True,0.0,0.0,OK,True
29,99,2024-11-13,shipped,Direct Sales,5,5,74,UrbanSport Cap v4,Accessories,55.15,66.0,0.7,UrbanSport Cap v4,Accessories,UrbanSport,55.15,0.7,329.0,3.6,482,SR-ACC-0074,False,51,Perú,Cusco,Department Store,Ignacia Ariza,UrbanSport Cap v4,Perú,Direct Sales,shipped,0.7,3639.9,Medio,2024,4,11,Noviembre,2024-11,0,0,True,True,0.0,0.0,OK,True
30,89,2024-08-07,shipped,Direct Sales,1,1,21,SpeedMax Football Boots v1,Footwear,268.04,61.0,4.1,SpeedMax Football Boots v1,Footwear,SpeedMax,268.04,4.1,270.0,4.7,443,SR-FOO-0021,False,31,Argentina,Rosario,Sports Chain,Tomas Benjamin Fernandez,SpeedMax Football Boots v1,Argentina,Direct Sales,shipped,4.1,16350.44,Premium,2024,3,8,Agosto,2024-08,0,0,True,True,0.0,0.0,OK,True
31,41,2024-10-14,shipped,Direct Sales,6,1,41,CoreFit Track Jacket v1,Apparel,32.7,102.0,2.7,CoreFit Track Jacket v1,Apparel,CoreFit,32.7,2.7,283.0,2.9,298,SR-APP-0041,False,52,Perú,Lima,Online Retailer,José Haro,CoreFit Track Jacket v1,Perú,Direct Sales,shipped,2.7,3335.4,Económico,2024,4,10,Octubre,2024-10,0,0,True,True,0.0,0.0,OK,True
31,41,2024-10-14,shipped,Direct Sales,6,2,94,SportRetail Pro Resistance Bands v4,Equipment,107.56,76.0,13.8,SportRetail Pro Resistance Bands v4,Equipment,SportRetail Pro,107.56,13.8,357.0,4.9,663,SR-EQU-0094,False,52,Perú,Lima,Online Retailer,José Haro,SportRetail Pro Resistance Bands v4,Perú,Direct Sales,shipped,13.8,8174.56,Medio,2024,4,10,Octubre,2024-10,0,0,True,True,0.0,0.0,OK,True
31,41,2024-10-14,shipped,Direct Sales,6,3,111,SportRetail Pro Training Gloves v1,Equipment,77.48,35.0,13.6,SportRetail Pro Training Gloves v1,Equipment,SportRetail Pro,77.48,13.6,211.0,2.6,540,SR-EQU-0111,False,52,Perú,Lima,Online Retailer,José Haro,SportRetail Pro Training Gloves v1,Perú,Direct Sales,shipped,13.6,2711.8,Medio,2024,4,10,Octubre,2024-10,0,0,True,True,0.0,0.0,OK,True
31,41,2024-10-14,shipped,Direct Sales,6,4,45,CoreFit Track Jacket v5,Apparel,84.08,39.0,3.7,CoreFit Track Jacket v5,Apparel,CoreFit,84.08,3.7,65.0,2.6,383,SR-APP-0045,False,52,Perú,Lima,Online Retailer,José Haro,CoreFit Track Jacket v5,Perú,Direct Sales,shipped,3.7,3279.12,Medio,2024,4,10,Octubre,2024-10,0,0,True,True,0.0,0.0,OK,True
31,41,2024-10-14,shipped,Direct Sales,6,5,52,UrbanSport Football Jersey v2,Apparel,56.43,23.0,0.7,UrbanSport Football Jersey v2,Apparel,UrbanSport,56.43,0.7,449.0,4.9,192,SR-APP-0052,False,52,Perú,Lima,Online Retailer,José Haro,UrbanSport Football Jersey v2,Perú,Direct Sales,shipped,0.7,1297.89,Medio,2024,4,10,Octubre,2024-10,0,0,True,True,0.0,0.0,OK,True
31,41,2024-10-14,shipped,Direct Sales,6,6,17,AthletX Slides v2,Footwear,169.23,42.0,2.7,AthletX Slides v2,Footwear,AthletX,169.23,2.7,320.0,3.2,664,SR-FOO-0017,False,52,Perú,Lima,Online Retailer,José Haro,AthletX Slides v2,Perú,Direct Sales,shipped,2.7,7107.66,Medio,2024,4,10,Octubre,2024-10,0,0,True,True,0.0,0.0,OK,True
32,42,2024-04-07,delivered,Direct Sales,5,1,93,SportRetail Pro Resistance Bands v3,Equipment,94.1,68.0,7.4,SportRetail Pro Resistance Bands v3,Equipment,SportRetail Pro,94.1,7.4,184.0,2.9,24,SR-EQU-0093,False,53,Perú,Lima,Online Retailer,Sebastián Cortes,SportRetail Pro Resistance Bands v3,Perú,Direct Sales,delivered,7.4,6398.799999999999,Medio,2024,2,4,Abril,2024-04,1,0,True,True,0.0,0.0,OK,True
32,42,2024-04-07,delivered,Direct Sales,5,2,41,CoreFit Track Jacket v1,Apparel,32.7,64.0,2.7,CoreFit Track Jacket v1,Apparel,CoreFit,32.7,2.7,283.0,2.9,298,SR-APP-0041,False,53,Perú,Lima,Online Retailer,Sebastián Cortes,CoreFit Track Jacket v1,Perú,Direct Sales,delivered,2.7,2092.8,Económico,2024,2,4,Abril,2024-04,1,0,True,True,0.0,0.0,OK,True
32,42,2024-04-07,delivered,Direct Sales,5,3,25,PowerEdge Football Boots v5,Footwear,164.22,44.0,13.5,PowerEdge Football Boots v5,Footwear,PowerEdge,164.22,13.5,370.0,4.8,594,SR-FOO-0025,False,53,Perú,Lima,Online Retailer,Sebastián Cortes,PowerEdge Football Boots v5,Perú,Direct Sales,delivered,13.5,7225.68,Medio,2024,2,4,Abril,2024-04,1,0,True,True,0.0,0.0,OK,True
32,42,2024-04-07,delivered,Direct Sales,5,4,98,UrbanSport Jump Rope v3,Equipment,36.44,16.0,13.1,UrbanSport Jump Rope v3,Equipment,UrbanSport,36.44,13.1,230.0,4.8,314,SR-EQU-0098,False,53,Perú,Lima,Online Retailer,Sebastián Cortes,UrbanSport Jump Rope v3,Perú,Direct Sales,delivered,13.1,583.04,Económico,2024,2,4,Abril,2024-04,1,0,True,True,0.0,0.0,OK,True
32,42,2024-04-07,delivered,Direct Sales,5,5,21,SpeedMax Football Boots v1,Footwear,268.04,69.0,4.1,SpeedMax Football Boots v1,Footwear,SpeedMax,268.04,4.1,270.0,4.7,443,SR-FOO-0021,False,53,Perú,Lima,Online Retailer,Sebastián Cortes,SpeedMax Football Boots v1,Perú,Direct Sales,delivered,4.1,18494.760000000002,Premium,2024,2,4,Abril,2024-04,1,0,True,True,0.0,0.0,Revenue extremo por IQR,True
33,7,2024-07-05,delivered,E-commerce B2B,3,1,64,PowerEdge Sport Backpack v4,Accessories,51.44,112.0,1.3,PowerEdge Sport Backpack v4,Accessories,PowerEdge,51.44,1.3,127.0,4.8,134,SR-ACC-0064,False,54,Chile,Temuco,Sports Chain,Erasmo Mondaca,PowerEdge Sport Backpack v4,Chile,E-commerce B2B,delivered,1.3,5761.28,Medio,2024,3,7,Julio,2024-07,1,0,True,True,0.0,0.0,OK,True
33,7,2024-07-05,delivered,E-commerce B2B,3,2,77,PowerEdge Headband v2,Accessories,13.22,65.0,0.8,PowerEdge Headband v2,Accessories,PowerEdge,13.22,0.8,126.0,3.0,30,SR-ACC-0077,False,54,Chile,Temuco,Sports Chain,Erasmo Mondaca,PowerEdge Headband v2,Chile,E-commerce B2B,delivered,0.8,859.3000000000001,Económico,2024,3,7,Julio,2024-07,1,0,True,True,0.0,0.0,OK,True
33,7,2024-07-05,delivered,E-commerce B2B,3,3,113,SportRetail Pro Training Gloves v3,Equipment,17.74,6.0,15.8,SportRetail Pro Training Gloves v3,Equipment,SportRetail Pro,17.74,15.8,409.0,,172,SR-EQU-0113,False,54,Chile,Temuco,Sports Chain,Erasmo Mondaca,SportRetail Pro Training Gloves v3,Chile,E-commerce B2B,delivered,15.8,106.44,Económico,2024,3,7,Julio,2024-07,1,0,True,True,0.0,0.0,Calificación nula,True
34,47,2024-05-27,cancelled,E-commerce B2B,4,1,47,SpeedMax Compression Tights v2,Apparel,127.12,77.0,18.7,SpeedMax Compression Tights v2,Apparel,SpeedMax,127.12,18.7,473.0,4.8,176,SR-APP-0047,False,28,Colombia,Barranquilla,Department Store,Elvia Sandoval,SpeedMax Compression Tights v2,Colombia,E-commerce B2B,cancelled,18.7,9788.24,Medio,2024,2,5,Mayo,2024-05,0,1,True,True,0.0,0.0,OK,True
34,47,2024-05-27,cancelled,E-commerce B2B,4,2,6,SpeedMax Basketball Shoes v1,Footwear,72.73,51.0,7.3,SpeedMax Basketball Shoes v1,Footwear,SpeedMax,72.73,7.3,321.0,4.0,380,SR-FOO-0006,False,28,Colombia,Barranquilla,Department Store,Elvia Sandoval,SpeedMax Basketball Shoes v1,Colombia,E-commerce B2B,cancelled,7.3,3709.23,Medio,2024,2,5,Mayo,2024-05,0,1,True,True,0.0,0.0,OK,True
34,47,2024-05-27,cancelled,E-commerce B2B,4,3,52,UrbanSport Football Jersey v2,Apparel,56.43,14.0,0.7,UrbanSport Football Jersey v2,Apparel,UrbanSport,56.43,0.7,449.0,4.9,192,SR-APP-0052,False,28,Colombia,Barranquilla,Department Store,Elvia Sandoval,UrbanSport Football Jersey v2,Colombia,E-commerce B2B,cancelled,0.7,790.02,Medio,2024,2,5,Mayo,2024-05,0,1,True,True,0.0,0.0,OK,True
34,47,2024-05-27,cancelled,E-commerce B2B,4,4,7,SportRetail Pro Basketball Shoes v2,Footwear,203.78,62.0,19.3,SportRetail Pro Basketball Shoes v2,Footwear,SportRetail Pro,203.78,19.3,40.0,4.6,113,SR-FOO-0007,False,28,Colombia,Barranquilla,Department Store,Elvia Sandoval,SportRetail Pro Basketball Shoes v2,Colombia,E-commerce B2B,cancelled,19.3,12634.36,Premium,2024,2,5,Mayo,2024-05,0,1,True,True,0.0,0.0,OK,True
35,79,2024-06-18,cancelled,Direct Sales,1,1,17,AthletX Slides v2,Footwear,169.23,17.0,2.7,AthletX Slides v2,Footwear,AthletX,169.23,2.7,320.0,3.2,664,SR-FOO-0017,False,44,Chile,Temuco,Department Store,María Guzmán,AthletX Slides v2,Chile,Direct Sales,cancelled,2.7,2876.91,Medio,2024,2,6,Junio,2024-06,0,1,True,True,0.0,0.0,OK,True
36,26,2024-06-06,shipped,E-commerce B2B,5,1,66,UrbanSport Water Bottle v1,Accessories,44.14,22.0,22.7,UrbanSport Water Bottle v1,Accessories,UrbanSport,44.14,22.7,228.0,4.7,771,SR-ACC-0066,False,29,Chile,Valparaíso,Online Retailer,Felipe Ampuero,UrbanSport Water Bottle v1,Chile,E-commerce B2B,shipped,22.7,971.08,Económico,2024,2,6,Junio,2024-06,0,0,True,True,0.0,0.0,OK,True
36,26,2024-06-06,shipped,E-commerce B2B,5,2,52,UrbanSport Football Jersey v2,Apparel,56.43,107.0,0.7,UrbanSport Football Jersey v2,Apparel,UrbanSport,56.43,0.7,449.0,4.9,192,SR-APP-0052,False,29,Chile,Valparaíso,Online Retailer,Felipe Ampuero,UrbanSport Football Jersey v2,Chile,E-commerce B2B,shipped,0.7,6038.01,Medio,2024,2,6,Junio,2024-06,0,0,True,True,0.0,0.0,OK,True
36,26,2024-06-06,shipped,E-commerce B2B,5,3,65,PowerEdge Sport Backpack v5,Accessories,52.49,63.0,14.0,PowerEdge Sport Backpack v5,Accessories,PowerEdge,52.49,14.0,162.0,4.9,463,SR-ACC-0065,False,29,Chile,Valparaíso,Online Retailer,Felipe Ampuero,PowerEdge Sport Backpack v5,Chile,E-commerce B2B,shipped,14.0,3306.8700000000003,Medio,2024,2,6,Junio,2024-06,0,0,True,True,0.0,0.0,OK,True
36,26,2024-06-06,shipped,E-commerce B2B,5,4,6,SpeedMax Basketball Shoes v1,Footwear,72.73,119.0,7.3,SpeedMax Basketball Shoes v1,Footwear,SpeedMax,72.73,7.3,321.0,4.0,380,SR-FOO-0006,False,29,Chile,Valparaíso,Online Retailer,Felipe Ampuero,SpeedMax Basketball Shoes v1,Chile,E-commerce B2B,shipped,7.3,8654.87,Medio,2024,2,6,Junio,2024-06,0,0,True,True,0.0,0.0,OK,True
36,26,2024-06-06,shipped,E-commerce B2B,5,5,5,SportRetail Pro Running Shoes v5,Footwear,135.77,46.0,8.6,SportRetail Pro Running Shoes v5,Footwear,SportRetail Pro,135.77,8.6,135.0,4.5,757,SR-FOO-0005,False,29,Chile,Valparaíso,Online Retailer,Felipe Ampuero,SportRetail Pro Running Shoes v5,Chile,E-commerce B2B,shipped,8.6,6245.42,Medio,2024,2,6,Junio,2024-06,0,0,True,True,0.0,0.0,OK,True
37,95,2024-01-12,shipped,Direct Sales,3,1,76,CoreFit Headband v1,Accessories,76.79,111.0,11.8,CoreFit Headband v1,Accessories,CoreFit,76.79,11.8,383.0,3.8,368,SR-ACC-0076,False,39,Chile,Concepción,Independent,Andrés Palma,CoreFit Headband v1,Chile,Direct Sales,shipped,11.8,8523.69,Medio,2024,1,1,Enero,2024-01,0,0,True,True,0.0,0.0,OK,True
37,95,2024-01-12,shipped,Direct Sales,3,2,44,PowerEdge Track Jacket v4,Apparel,67.05,67.0,0.2,PowerEdge Track Jacket v4,Apparel,PowerEdge,67.05,0.2,38.0,4.9,717,SR-APP-0044,False,39,Chile,Concepción,Independent,Andrés Palma,PowerEdge Track Jacket v4,Chile,Direct Sales,shipped,0.2,4492.349999999999,Medio,2024,1,1,Enero,2024-01,0,0,True,True,0.0,0.0,OK,True
37,95,2024-01-12,shipped,Direct Sales,3,3,65,PowerEdge Sport Backpack v5,Accessories,52.49,43.0,14.0,PowerEdge Sport Backpack v5,Accessories,PowerEdge,52.49,14.0,162.0,4.9,463,SR-ACC-0065,False,39,Chile,Concepción,Independent,Andrés Palma,PowerEdge Sport Backpack v5,Chile,Direct Sales,shipped,14.0,2257.07,Medio,2024,1,1,Enero,2024-01,0,0,True,True,0.0,0.0,OK,True
38,54,2024-10-16,confirmed,E-commerce B2B,5,1,40,PowerEdge Training Shorts v5,Apparel,78.18,93.0,16.7,PowerEdge Training Shorts v5,Apparel,PowerEdge,78.18,16.7,283.0,3.2,689,SR-APP-0040,False,25,México,Guadalajara,Superstore,Beatriz Nieves,PowerEdge Training Shorts v5,México,E-commerce B2B,confirmed,16.7,7270.740000000001,Medio,2024,4,10,Octubre,2024-10,0,0,True,True,0.0,0.0,OK,True
38,54,2024-10-16,confirmed,E-commerce B2B,5,2,102,CoreFit Yoga Mat v2,Equipment,89.84,81.0,15.6,CoreFit Yoga Mat v2,Equipment,CoreFit,89.84,15.6,338.0,4.5,212,SR-EQU-0102,False,25,México,Guadalajara,Superstore,Beatriz Nieves,CoreFit Yoga Mat v2,México,E-commerce B2B,confirmed,15.6,7277.04,Medio,2024,4,10,Octubre,2024-10,0,0,True,True,0.0,0.0,OK,True
38,54,2024-10-16,confirmed,E-commerce B2B,5,3,116,SpeedMax Agility Ladder v1,Equipment,33.11,88.0,15.0,SpeedMax Agility Ladder v1,Equipment,SpeedMax,33.11,15.0,382.0,4.7,81,SR-EQU-0116,False,25,México,Guadalajara,Superstore,Beatriz Nieves,SpeedMax Agility Ladder v1,México,E-commerce B2B,confirmed,15.0,2913.68,Económico,2024,4,10,Octubre,2024-10,0,0,True,True,0.0,0.0,OK,True
38,54,2024-10-16,confirmed,E-commerce B2B,5,4,93,SportRetail Pro Resistance Bands v3,Equipment,94.1,104.0,7.4,SportRetail Pro Resistance Bands v3,Equipment,SportRetail Pro,94.1,7.4,184.0,2.9,24,SR-EQU-0093,False,25,México,Guadalajara,Superstore,Beatriz Nieves,SportRetail Pro Resistance Bands v3,México,E-commerce B2B,confirmed,7.4,9786.4,Medio,2024,4,10,Octubre,2024-10,0,0,True,True,0.0,0.0,OK,True
38,54,2024-10-16,confirmed,E-commerce B2B,5,5,112,PowerEdge Training Gloves v2,Equipment,56.99,34.0,1.3,PowerEdge Training Gloves v2,Equipment,PowerEdge,56.99,1.3,136.0,3.9,304,SR-EQU-0112,False,25,México,Guadalajara,Superstore,Beatriz Nieves,PowerEdge Training Gloves v2,México,E-commerce B2B,confirmed,1.3,1937.66,Medio,2024,4,10,Octubre,2024-10,0,0,True,True,0.0,0.0,OK,True
39,93,2024-04-14,delivered,E-commerce B2B,5,1,100,PowerEdge Jump Rope v5,Equipment,22.71,92.0,6.0,PowerEdge Jump Rope v5,Equipment,PowerEdge,22.71,6.0,282.0,2.7,12,SR-EQU-0100,False,42,Chile,Temuco,Independent,Antonella Bustamante,PowerEdge Jump Rope v5,Chile,E-commerce B2B,delivered,6.0,2089.32,Económico,2024,2,4,Abril,2024-04,1,0,True,True,0.0,0.0,OK,True
39,93,2024-04-14,delivered,E-commerce B2B,5,2,108,UrbanSport Foam Roller v3,Equipment,56.41,78.0,20.4,UrbanSport Foam Roller v3,Equipment,UrbanSport,56.41,20.4,496.0,2.7,366,SR-EQU-0108,False,42,Chile,Temuco,Independent,Antonella Bustamante,UrbanSport Foam Roller v3,Chile,E-commerce B2B,delivered,20.4,4399.98,Medio,2024,2,4,Abril,2024-04,1,0,True,True,0.0,0.0,OK,True
39,93,2024-04-14,delivered,E-commerce B2B,5,3,49,AthletX Compression Tights v4,Apparel,49.35,19.0,19.7,AthletX Compression Tights v4,Apparel,AthletX,49.35,19.7,55.0,3.5,49,SR-APP-0049,False,42,Chile,Temuco,Independent,Antonella Bustamante,AthletX Compression Tights v4,Chile,E-commerce B2B,delivered,19.7,937.65,Económico,2024,2,4,Abril,2024-04,1,0,True,True,0.0,0.0,OK,True
39,93,2024-04-14,delivered,E-commerce B2B,5,4,19,SportRetail Pro Slides v4,Footwear,264.05,61.0,22.0,SportRetail Pro Slides v4,Footwear,SportRetail Pro,264.05,22.0,425.0,4.5,255,SR-FOO-0019,False,42,Chile,Temuco,Independent,Antonella Bustamante,SportRetail Pro Slides v4,Chile,E-commerce B2B,delivered,22.0,16107.050000000001,Premium,2024,2,4,Abril,2024-04,1,0,True,True,0.0,0.0,OK,True
39,93,2024-04-14,delivered,E-commerce B2B,5,5,106,SportRetail Pro Foam Roller v1,Equipment,36.75,24.0,16.9,SportRetail Pro Foam Roller v1,Equipment,SportRetail Pro,36.75,16.9,440.0,3.9,31,SR-EQU-0106,False,42,Chile,Temuco,Independent,Antonella Bustamante,SportRetail Pro Foam Roller v1,Chile,E-commerce B2B,delivered,16.9,882.0,Económico,2024,2,4,Abril,2024-04,1,0,True,True,0.0,0.0,OK,True
40,61,2024-12-22,delivered,E-commerce B2B,6,1,94,SportRetail Pro Resistance Bands v4,Equipment,107.56,76.0,13.8,SportRetail Pro Resistance Bands v4,Equipment,SportRetail Pro,107.56,13.8,357.0,4.9,663,SR-EQU-0094,False,49,Argentina,Córdoba,Superstore,Agustín Arias,SportRetail Pro Resistance Bands v4,Argentina,E-commerce B2B,delivered,13.8,8174.56,Medio,2024,4,12,Diciembre,2024-12,1,0,True,True,0.0,0.0,OK,True
40,61,2024-12-22,delivered,E-commerce B2B,6,2,8,CoreFit Basketball Shoes v3,Footwear,91.6,89.0,8.9,CoreFit Basketball Shoes v3,Footwear,CoreFit,91.6,8.9,343.0,3.2,709,SR-FOO-0008,False,49,Argentina,Córdoba,Superstore,Agustín Arias,CoreFit Basketball Shoes v3,Argentina,E-commerce B2B,delivered,8.9,8152.4,Medio,2024,4,12,Diciembre,2024-12,1,0,True,True,0.0,0.0,OK,True
40,61,2024-12-22,delivered,E-commerce B2B,6,3,91,CoreFit Resistance Bands v1,Equipment,36.9,53.0,18.0,CoreFit Resistance Bands v1,Equipment,CoreFit,36.9,18.0,161.0,2.8,558,SR-EQU-0091,False,49,Argentina,Córdoba,Superstore,Agustín Arias,CoreFit Resistance Bands v1,Argentina,E-commerce B2B,delivered,18.0,1955.6999999999998,Económico,2024,4,12,Diciembre,2024-12,1,0,True,True,0.0,0.0,OK,True
40,61,2024-12-22,delivered,E-commerce B2B,6,4,18,CoreFit Slides v3,Footwear,226.56,27.0,13.5,CoreFit Slides v3,Footwear,CoreFit,226.56,13.5,398.0,4.8,10,SR-FOO-0018,False,49,Argentina,Córdoba,Superstore,Agustín Arias,CoreFit Slides v3,Argentina,E-commerce B2B,delivered,13.5,6117.12,Premium,2024,4,12,Diciembre,2024-12,1,0,True,True,0.0,0.0,OK,True
40,61,2024-12-22,delivered,E-commerce B2B,6,5,67,AthletX Water Bottle v2,Accessories,77.19,73.0,6.9,AthletX Water Bottle v2,Accessories,AthletX,77.19,6.9,398.0,3.8,651,SR-ACC-0067,False,49,Argentina,Córdoba,Superstore,Agustín Arias,AthletX Water Bottle v2,Argentina,E-commerce B2B,delivered,6.9,5634.87,Medio,2024,4,12,Diciembre,2024-12,1,0,True,True,0.0,0.0,OK,True
40,61,2024-12-22,delivered,E-commerce B2B,6,6,27,PowerEdge Tennis Shoes v2,Footwear,67.19,50.0,16.3,PowerEdge Tennis Shoes v2,Footwear,PowerEdge,67.19,16.3,330.0,2.7,422,SR-FOO-0027,False,49,Argentina,Córdoba,Superstore,Agustín Arias,PowerEdge Tennis Shoes v2,Argentina,E-commerce B2B,delivered,16.3,3359.5,Medio,2024,4,12,Diciembre,2024-12,1,0,True,True,0.0,0.0,OK,True
41,34,2024-12-09,shipped,E-commerce B2B,5,1,62,SportRetail Pro Sport Backpack v2,Accessories,46.43,43.0,22.2,SportRetail Pro Sport Backpack v2,Accessories,SportRetail Pro,46.43,22.2,294.0,3.0,723,SR-ACC-0062,False,30,México,Ciudad de México,Sports Chain,Lorena Zelaya,SportRetail Pro Sport Backpack v2,México,E-commerce B2B,shipped,22.2,1996.49,Económico,2024,4,12,Diciembre,2024-12,0,0,True,True,0.0,0.0,OK,True
41,34,2024-12-09,shipped,E-commerce B2B,5,2,25,PowerEdge Football Boots v5,Footwear,164.22,43.0,13.5,PowerEdge Football Boots v5,Footwear,PowerEdge,164.22,13.5,370.0,4.8,594,SR-FOO-0025,False,30,México,Ciudad de México,Sports Chain,Lorena Zelaya,PowerEdge Football Boots v5,México,E-commerce B2B,shipped,13.5,7061.46,Medio,2024,4,12,Diciembre,2024-12,0,0,True,True,0.0,0.0,OK,True
41,34,2024-12-09,shipped,E-commerce B2B,5,3,32,PowerEdge Performance T-Shirt v2,Apparel,129.5,95.0,13.9,PowerEdge Performance T-Shirt v2,Apparel,PowerEdge,129.5,13.9,367.0,3.7,204,SR-APP-0032,False,30,México,Ciudad de México,Sports Chain,Lorena Zelaya,PowerEdge Performance T-Shirt v2,México,E-commerce B2B,shipped,13.9,12302.5,Medio,2024,4,12,Diciembre,2024-12,0,0,True,True,0.0,0.0,OK,True
41,34,2024-12-09,shipped,E-commerce B2B,5,4,36,PowerEdge Training Shorts v1,Apparel,84.2,95.0,13.1,PowerEdge Training Shorts v1,Apparel,PowerEdge,84.2,13.1,478.0,3.2,695,SR-APP-0036,False,30,México,Ciudad de México,Sports Chain,Lorena Zelaya,PowerEdge Training Shorts v1,México,E-commerce B2B,shipped,13.1,7999.0,Medio,2024,4,12,Diciembre,2024-12,0,0,True,True,0.0,0.0,OK,True
41,34,2024-12-09,shipped,E-commerce B2B,5,5,72,UrbanSport Cap v2,Accessories,81.82,66.0,12.2,UrbanSport Cap v2,Accessories,UrbanSport,81.82,12.2,139.0,3.6,39,SR-ACC-0072,False,30,México,Ciudad de México,Sports Chain,Lorena Zelaya,UrbanSport Cap v2,México,E-commerce B2B,shipped,12.2,5400.12,Medio,2024,4,12,Diciembre,2024-12,0,0,True,True,0.0,0.0,OK,True
42,87,2024-04-27,delivered,E-commerce B2B,5,1,49,AthletX Compression Tights v4,Apparel,49.35,103.0,19.7,AthletX Compression Tights v4,Apparel,AthletX,49.35,19.7,55.0,3.5,49,SR-APP-0049,False,54,Chile,Santiago,Superstore,Karina Ibarra,AthletX Compression Tights v4,Chile,E-commerce B2B,delivered,19.7,5083.05,Económico,2024,2,4,Abril,2024-04,1,0,True,True,0.0,0.0,OK,True
42,87,2024-04-27,delivered,E-commerce B2B,5,2,115,PowerEdge Training Gloves v5,Equipment,42.73,42.0,17.6,PowerEdge Training Gloves v5,Equipment,PowerEdge,42.73,17.6,212.0,4.6,493,SR-EQU-0115,False,54,Chile,Santiago,Superstore,Karina Ibarra,PowerEdge Training Gloves v5,Chile,E-commerce B2B,delivered,17.6,1794.6599999999999,Económico,2024,2,4,Abril,2024-04,1,0,True,True,0.0,0.0,OK,True
42,87,2024-04-27,delivered,E-commerce B2B,5,3,51,CoreFit Football Jersey v1,Apparel,115.08,96.0,24.2,CoreFit Football Jersey v1,Apparel,CoreFit,115.08,24.2,142.0,3.4,531,SR-APP-0051,False,54,Chile,Santiago,Superstore,Karina Ibarra,CoreFit Football Jersey v1,Chile,E-commerce B2B,delivered,24.2,11047.68,Medio,2024,2,4,Abril,2024-04,1,0,True,True,0.0,0.0,OK,True
42,87,2024-04-27,delivered,E-commerce B2B,5,4,105,UrbanSport Yoga Mat v5,Equipment,61.91,61.0,2.0,UrbanSport Yoga Mat v5,Equipment,UrbanSport,61.91,2.0,20.0,4.7,762,SR-EQU-0105,False,54,Chile,Santiago,Superstore,Karina Ibarra,UrbanSport Yoga Mat v5,Chile,E-commerce B2B,delivered,2.0,3776.5099999999998,Medio,2024,2,4,Abril,2024-04,1,0,True,True,0.0,0.0,OK,True
42,87,2024-04-27,delivered,E-commerce B2B,5,5,45,CoreFit Track Jacket v5,Apparel,84.08,100.0,3.7,CoreFit Track Jacket v5,Apparel,CoreFit,84.08,3.7,65.0,2.6,383,SR-APP-0045,False,54,Chile,Santiago,Superstore,Karina Ibarra,CoreFit Track Jacket v5,Chile,E-commerce B2B,delivered,3.7,8408.0,Medio,2024,2,4,Abril,2024-04,1,0,True,True,0.0,0.0,OK,True
43,90,2024-11-08,confirmed,Distributor,3,1,18,CoreFit Slides v3,Footwear,226.56,99.0,13.5,CoreFit Slides v3,Footwear,CoreFit,226.56,13.5,398.0,4.8,10,SR-FOO-0018,False,34,Colombia,Cali,Sports Chain,Enrique Díaz,CoreFit Slides v3,Colombia,Distributor,confirmed,13.5,22429.44,Premium,2024,4,11,Noviembre,2024-11,0,0,True,True,0.0,0.0,Revenue extremo por IQR,True
43,90,2024-11-08,confirmed,Distributor,3,2,14,SpeedMax Training Shoes v4,Footwear,189.19,36.0,9.6,SpeedMax Training Shoes v4,Footwear,SpeedMax,189.19,9.6,305.0,5.0,551,SR-FOO-0014,False,34,Colombia,Cali,Sports Chain,Enrique Díaz,SpeedMax Training Shoes v4,Colombia,Distributor,confirmed,9.6,6810.84,Medio,2024,4,11,Noviembre,2024-11,0,0,True,True,0.0,0.0,OK,True
43,90,2024-11-08,confirmed,Distributor,3,3,79,UrbanSport Headband v4,Accessories,87.1,120.0,18.0,UrbanSport Headband v4,Accessories,UrbanSport,87.1,18.0,398.0,,328,SR-ACC-0079,False,34,Colombia,Cali,Sports Chain,Enrique Díaz,UrbanSport Headband v4,Colombia,Distributor,confirmed,18.0,10452.0,Medio,2024,4,11,Noviembre,2024-11,0,0,True,True,0.0,0.0,Calificación nula,True
44,43,2024-01-25,confirmed,E-commerce B2B,6,1,61,AthletX Sport Backpack v1,Accessories,63.82,75.0,5.6,AthletX Sport Backpack v1,Accessories,AthletX,63.82,5.6,101.0,2.9,57,SR-ACC-0061,False,27,Chile,Santiago,Sports Chain,Arturo Rodríguez,AthletX Sport Backpack v1,Chile,E-commerce B2B,confirmed,5.6,4786.5,Medio,2024,1,1,Enero,2024-01,0,0,True,True,0.0,0.0,OK,True
44,43,2024-01-25,confirmed,E-commerce B2B,6,2,13,AthletX Training Shoes v3,Footwear,169.64,25.0,2.3,AthletX Training Shoes v3,Footwear,AthletX,169.64,2.3,24.0,4.7,166,SR-FOO-0013,False,27,Chile,Santiago,Sports Chain,Arturo Rodríguez,AthletX Training Shoes v3,Chile,E-commerce B2B,confirmed,2.3,4241.0,Medio,2024,1,1,Enero,2024-01,0,0,True,True,0.0,0.0,OK,True
44,43,2024-01-25,confirmed,E-commerce B2B,6,3,88,SportRetail Pro Sport Socks v3,Accessories,29.31,117.0,10.2,SportRetail Pro Sport Socks v3,Accessories,SportRetail Pro,29.31,10.2,284.0,4.4,717,SR-ACC-0088,False,27,Chile,Santiago,Sports Chain,Arturo Rodríguez,SportRetail Pro Sport Socks v3,Chile,E-commerce B2B,confirmed,10.2,3429.27,Económico,2024,1,1,Enero,2024-01,0,0,True,True,0.0,0.0,OK,True
44,43,2024-01-25,confirmed,E-commerce B2B,6,4,99,CoreFit Jump Rope v4,Equipment,69.02,66.0,1.5,CoreFit Jump Rope v4,Equipment,CoreFit,69.02,1.5,491.0,4.4,791,SR-EQU-0099,False,27,Chile,Santiago,Sports Chain,Arturo Rodríguez,CoreFit Jump Rope v4,Chile,E-commerce B2B,confirmed,1.5,4555.32,Medio,2024,1,1,Enero,2024-01,0,0,True,True,0.0,0.0,OK,True
44,43,2024-01-25,confirmed,E-commerce B2B,6,5,18,CoreFit Slides v3,Footwear,226.56,101.0,13.5,CoreFit Slides v3,Footwear,CoreFit,226.56,13.5,398.0,4.8,10,SR-FOO-0018,False,27,Chile,Santiago,Sports Chain,Arturo Rodríguez,CoreFit Slides v3,Chile,E-commerce B2B,confirmed,13.5,22882.56,Premium,2024,1,1,Enero,2024-01,0,0,True,True,0.0,0.0,Revenue extremo por IQR,True
44,43,2024-01-25,confirmed,E-commerce B2B,6,6,1,PowerEdge Running Shoes v1,Footwear,80.05,46.0,18.5,PowerEdge Running Shoes v1,Footwear,PowerEdge,80.05,18.5,125.0,3.1,764,SR-FOO-0001,False,27,Chile,Santiago,Sports Chain,Arturo Rodríguez,PowerEdge Running Shoes v1,Chile,E-commerce B2B,confirmed,18.5,3682.2999999999997,Medio,2024,1,1,Enero,2024-01,0,0,True,True,0.0,0.0,OK,True
45,30,2024-05-02,confirmed,E-commerce B2B,5,1,95,SportRetail Pro Resistance Bands v5,Equipment,69.54,27.0,11.7,SportRetail Pro Resistance Bands v5,Equipment,SportRetail Pro,69.54,11.7,225.0,3.4,62,SR-EQU-0095,False,35,Chile,Valparaíso,Sports Chain,Sandra Medina,SportRetail Pro Resistance Bands v5,Chile,E-commerce B2B,confirmed,11.7,1877.5800000000002,Medio,2024,2,5,Mayo,2024-05,0,0,True,True,0.0,0.0,OK,True
45,30,2024-05-02,confirmed,E-commerce B2B,5,2,93,SportRetail Pro Resistance Bands v3,Equipment,94.1,112.0,7.4,SportRetail Pro Resistance Bands v3,Equipment,SportRetail Pro,94.1,7.4,184.0,2.9,24,SR-EQU-0093,False,35,Chile,Valparaíso,Sports Chain,Sandra Medina,SportRetail Pro Resistance Bands v3,Chile,E-commerce B2B,confirmed,7.4,10539.199999999999,Medio,2024,2,5,Mayo,2024-05,0,0,True,True,0.0,0.0,OK,True
45,30,2024-05-02,confirmed,E-commerce B2B,5,3,109,SportRetail Pro Foam Roller v4,Equipment,96.48,9.0,8.2,SportRetail Pro Foam Roller v4,Equipment,SportRetail Pro,96.48,8.2,355.0,3.7,688,SR-EQU-0109,False,35,Chile,Valparaíso,Sports Chain,Sandra Medina,SportRetail Pro Foam Roller v4,Chile,E-commerce B2B,confirmed,8.2,868.32,Medio,2024,2,5,Mayo,2024-05,0,0,True,True,0.0,0.0,OK,True
45,30,2024-05-02,confirmed,E-commerce B2B,5,4,120,SpeedMax Agility Ladder v5,Equipment,19.15,55.0,18.6,SpeedMax Agility Ladder v5,Equipment,SpeedMax,19.15,18.6,361.0,4.8,400,SR-EQU-0120,False,35,Chile,Valparaíso,Sports Chain,Sandra Medina,SpeedMax Agility Ladder v5,Chile,E-commerce B2B,confirmed,18.6,1053.25,Económico,2024,2,5,Mayo,2024-05,0,0,True,True,0.0,0.0,OK,True
45,30,2024-05-02,confirmed,E-commerce B2B,5,5,5,SportRetail Pro Running Shoes v5,Footwear,135.77,28.0,8.6,SportRetail Pro Running Shoes v5,Footwear,SportRetail Pro,135.77,8.6,135.0,4.5,757,SR-FOO-0005,False,35,Chile,Valparaíso,Sports Chain,Sandra Medina,SportRetail Pro Running Shoes v5,Chile,E-commerce B2B,confirmed,8.6,3801.5600000000004,Medio,2024,2,5,Mayo,2024-05,0,0,True,True,0.0,0.0,OK,True
46,78,2024-11-18,delivered,Direct Sales,1,1,119,UrbanSport Agility Ladder v4,Equipment,50.83,47.0,23.3,UrbanSport Agility Ladder v4,Equipment,UrbanSport,50.83,23.3,445.0,3.0,724,SR-EQU-0119,False,46,Colombia,Medellín,Sports Chain,Lucía Navarro,UrbanSport Agility Ladder v4,Colombia,Direct Sales,delivered,23.3,2389.0099999999998,Medio,2024,4,11,Noviembre,2024-11,1,0,True,True,0.0,0.0,OK,True
47,65,2024-05-19,delivered,Direct Sales,4,1,35,AthletX Performance T-Shirt v5,Apparel,64.42,47.0,23.5,AthletX Performance T-Shirt v5,Apparel,AthletX,64.42,23.5,,3.1,618,SR-APP-0035,False,47,Argentina,Tucumán,Department Store,Josefina Duarte,AthletX Performance T-Shirt v5,Argentina,Direct Sales,delivered,23.5,3027.7400000000002,Medio,2024,2,5,Mayo,2024-05,1,0,True,True,0.0,0.0,Inventario nulo,True
47,65,2024-05-19,delivered,Direct Sales,4,2,25,PowerEdge Football Boots v5,Footwear,164.22,63.0,13.5,PowerEdge Football Boots v5,Footwear,PowerEdge,164.22,13.5,370.0,4.8,594,SR-FOO-0025,False,47,Argentina,Tucumán,Department Store,Josefina Duarte,PowerEdge Football Boots v5,Argentina,Direct Sales,delivered,13.5,10345.86,Medio,2024,2,5,Mayo,2024-05,1,0,True,True,0.0,0.0,OK,True
47,65,2024-05-19,delivered,Direct Sales,4,3,104,UrbanSport Yoga Mat v4,Equipment,102.51,96.0,11.0,UrbanSport Yoga Mat v4,Equipment,UrbanSport,102.51,11.0,239.0,4.2,726,SR-EQU-0104,False,47,Argentina,Tucumán,Department Store,Josefina Duarte,UrbanSport Yoga Mat v4,Argentina,Direct Sales,delivered,11.0,9840.960000000001,Medio,2024,2,5,Mayo,2024-05,1,0,True,True,0.0,0.0,OK,True
47,65,2024-05-19,delivered,Direct Sales,4,4,15,SportRetail Pro Training Shoes v5,Footwear,208.06,99.0,2.9,SportRetail Pro Training Shoes v5,Footwear,SportRetail Pro,208.06,2.9,453.0,3.8,283,SR-FOO-0015,False,47,Argentina,Tucumán,Department Store,Josefina Duarte,SportRetail Pro Training Shoes v5,Argentina,Direct Sales,delivered,2.9,20597.94,Premium,2024,2,5,Mayo,2024-05,1,0,True,True,0.0,0.0,Revenue extremo por IQR,True
48,23,2024-07-08,shipped,Distributor,5,1,110,UrbanSport Foam Roller v5,Equipment,18.49,59.0,2.2,UrbanSport Foam Roller v5,Equipment,UrbanSport,18.49,2.2,129.0,3.3,423,SR-EQU-0110,False,50,Argentina,Córdoba,Sports Chain,Giuliana Garcia,UrbanSport Foam Roller v5,Argentina,Distributor,shipped,2.2,1090.9099999999999,Económico,2024,3,7,Julio,2024-07,0,0,True,True,0.0,0.0,OK,True
48,23,2024-07-08,shipped,Distributor,5,2,82,UrbanSport Gym Bag v2,Accessories,72.61,16.0,8.7,UrbanSport Gym Bag v2,Accessories,UrbanSport,72.61,8.7,219.0,4.2,80,SR-ACC-0082,False,50,Argentina,Córdoba,Sports Chain,Giuliana Garcia,UrbanSport Gym Bag v2,Argentina,Distributor,shipped,8.7,1161.76,Medio,2024,3,7,Julio,2024-07,0,0,True,True,0.0,0.0,OK,True
48,23,2024-07-08,shipped,Distributor,5,3,115,PowerEdge Training Gloves v5,Equipment,42.73,17.0,17.6,PowerEdge Training Gloves v5,Equipment,PowerEdge,42.73,17.6,212.0,4.6,493,SR-EQU-0115,False,50,Argentina,Córdoba,Sports Chain,Giuliana Garcia,PowerEdge Training Gloves v5,Argentina,Distributor,shipped,17.6,726.41,Económico,2024,3,7,Julio,2024-07,0,0,True,True,0.0,0.0,OK,True
48,23,2024-07-08,shipped,Distributor,5,4,52,UrbanSport Football Jersey v2,Apparel,56.43,22.0,0.7,UrbanSport Football Jersey v2,Apparel,UrbanSport,56.43,0.7,449.0,4.9,192,SR-APP-0052,False,50,Argentina,Córdoba,Sports Chain,Giuliana Garcia,UrbanSport Football Jersey v2,Argentina,Distributor,shipped,0.7,1241.46,Medio,2024,3,7,Julio,2024-07,0,0,True,True,0.0,0.0,OK,True
48,23,2024-07-08,shipped,Distributor,5,5,106,SportRetail Pro Foam Roller v1,Equipment,36.75,,16.9,SportRetail Pro Foam Roller v1,Equipment,SportRetail Pro,36.75,16.9,440.0,3.9,31,SR-EQU-0106,False,50,Argentina,Córdoba,Sports Chain,Giuliana Garcia,SportRetail Pro Foam Roller v1,Argentina,Distributor,shipped,16.9,,Económico,2024,3,7,Julio,2024-07,0,0,True,True,0.0,0.0,Cantidad nula,False
49,43,2024-08-10,confirmed,E-commerce B2B,3,1,75,CoreFit Cap v5,Accessories,26.93,6.0,8.2,CoreFit Cap v5,Accessories,CoreFit,26.93,8.2,389.0,4.7,294,SR-ACC-0075,False,27,Chile,Santiago,Sports Chain,Arturo Rodríguez,CoreFit Cap v5,Chile,E-commerce B2B,confirmed,8.2,161.57999999999998,Económico,2024,3,8,Agosto,2024-08,0,0,True,True,0.0,0.0,OK,True
49,43,2024-08-10,confirmed,E-commerce B2B,3,2,93,SportRetail Pro Resistance Bands v3,Equipment,94.1,51.0,7.4,SportRetail Pro Resistance Bands v3,Equipment,SportRetail Pro,94.1,7.4,184.0,2.9,24,SR-EQU-0093,False,27,Chile,Santiago,Sports Chain,Arturo Rodríguez,SportRetail Pro Resistance Bands v3,Chile,E-commerce B2B,confirmed,7.4,4799.099999999999,Medio,2024,3,8,Agosto,2024-08,0,0,True,True,0.0,0.0,OK,True
49,43,2024-08-10,confirmed,E-commerce B2B,3,3,74,UrbanSport Cap v4,Accessories,55.15,12.0,0.7,UrbanSport Cap v4,Accessories,UrbanSport,55.15,0.7,329.0,3.6,482,SR-ACC-0074,False,27,Chile,Santiago,Sports Chain,Arturo Rodríguez,UrbanSport Cap v4,Chile,E-commerce B2B,confirmed,0.7,661.8,Medio,2024,3,8,Agosto,2024-08,0,0,True,True,0.0,0.0,OK,True
50,65,2024-08-25,delivered,E-commerce B2B,6,1,99,CoreFit Jump Rope v4,Equipment,69.02,42.0,1.5,CoreFit Jump Rope v4,Equipment,CoreFit,69.02,1.5,491.0,4.4,791,SR-EQU-0099,False,47,Argentina,Tucumán,Department Store,Josefina Duarte,CoreFit Jump Rope v4,Argentina,E-commerce B2B,delivered,1.5,2898.8399999999997,Medio,2024,3,8,Agosto,2024-08,1,0,True,True,0.0,0.0,OK,True
50,65,2024-08-25,delivered,E-commerce B2B,6,2,40,PowerEdge Training Shorts v5,Apparel,78.18,33.0,16.7,PowerEdge Training Shorts v5,Apparel,PowerEdge,78.18,16.7,283.0,3.2,689,SR-APP-0040,False,47,Argentina,Tucumán,Department Store,Josefina Duarte,PowerEdge Training Shorts v5,Argentina,E-commerce B2B,delivered,16.7,2579.94,Medio,2024,3,8,Agosto,2024-08,1,0,True,True,0.0,0.0,OK,True
50,65,2024-08-25,delivered,E-commerce B2B,6,3,89,SpeedMax Sport Socks v4,Accessories,73.43,22.0,2.3,SpeedMax Sport Socks v4,Accessories,SpeedMax,73.43,2.3,113.0,3.5,259,SR-ACC-0089,False,47,Argentina,Tucumán,Department Store,Josefina Duarte,SpeedMax Sport Socks v4,Argentina,E-commerce B2B,delivered,2.3,1615.46,Medio,2024,3,8,Agosto,2024-08,1,0,True,True,0.0,0.0,OK,True
50,65,2024-08-25,delivered,E-commerce B2B,6,4,16,CoreFit Slides v1,Footwear,152.82,63.0,11.3,CoreFit Slides v1,Footwear,CoreFit,152.82,11.3,488.0,4.3,746,SR-FOO-0016,False,47,Argentina,Tucumán,Department Store,Josefina Duarte,CoreFit Slides v1,Argentina,E-commerce B2B,delivered,11.3,9627.66,Medio,2024,3,8,Agosto,2024-08,1,0,True,True,0.0,0.0,OK,True
50,65,2024-08-25,delivered,E-commerce B2B,6,5,82,UrbanSport Gym Bag v2,Accessories,72.61,82.0,8.7,UrbanSport Gym Bag v2,Accessories,UrbanSport,72.61,8.7,219.0,4.2,80,SR-ACC-0082,False,47,Argentina,Tucumán,Department Store,Josefina Duarte,UrbanSport Gym Bag v2,Argentina,E-commerce B2B,delivered,8.7,5954.0199999999995,Medio,2024,3,8,Agosto,2024-08,1,0,True,True,0.0,0.0,OK,True
50,65,2024-08-25,delivered,E-commerce B2B,6,6,118,UrbanSport Agility Ladder v3,Equipment,109.9,94.0,12.2,UrbanSport Agility Ladder v3,Equipment,UrbanSport,109.9,12.2,76.0,3.6,505,SR-EQU-0118,False,47,Argentina,Tucumán,Department Store,Josefina Duarte,UrbanSport Agility Ladder v3,Argentina,E-commerce B2B,delivered,12.2,10330.6,Medio,2024,3,8,Agosto,2024-08,1,0,True,True,0.0,0.0,OK,True
51,28,2024-09-23,shipped,E-commerce B2B,2,1,88,SportRetail Pro Sport Socks v3,Accessories,29.31,81.0,10.2,SportRetail Pro Sport Socks v3,Accessories,SportRetail Pro,29.31,10.2,284.0,4.4,717,SR-ACC-0088,False,25,Colombia,Bogotá,Sports Chain,Olga Benavides,SportRetail Pro Sport Socks v3,Colombia,E-commerce B2B,shipped,10.2,2374.1099999999997,Económico,2024,3,9,Septiembre,2024-09,0,0,True,True,0.0,0.0,OK,True
51,28,2024-09-23,shipped,E-commerce B2B,2,2,97,UrbanSport Jump Rope v2,Equipment,105.17,15.0,2.1,UrbanSport Jump Rope v2,Equipment,UrbanSport,105.17,2.1,127.0,2.8,792,SR-EQU-0097,False,25,Colombia,Bogotá,Sports Chain,Olga Benavides,UrbanSport Jump Rope v2,Colombia,E-commerce B2B,shipped,2.1,1577.55,Medio,2024,3,9,Septiembre,2024-09,0,0,True,True,0.0,0.0,OK,True
52,15,2024-04-19,delivered,Direct Sales,1,1,107,CoreFit Foam Roller v2,Equipment,69.74,75.0,19.1,CoreFit Foam Roller v2,Equipment,CoreFit,69.74,19.1,89.0,3.7,677,SR-EQU-0107,False,42,México,Tijuana,Sports Chain,Perla Luna,CoreFit Foam Roller v2,México,Direct Sales,delivered,19.1,5230.5,Medio,2024,2,4,Abril,2024-04,1,0,True,True,0.0,0.0,OK,True
53,42,2024-09-15,delivered,Distributor,5,1,57,CoreFit Sports Bra v2,Apparel,64.26,79.0,7.4,CoreFit Sports Bra v2,Apparel,CoreFit,64.26,7.4,65.0,3.0,690,SR-APP-0057,False,53,Perú,Lima,Online Retailer,Sebastián Cortes,CoreFit Sports Bra v2,Perú,Distributor,delivered,7.4,5076.54,Medio,2024,3,9,Septiembre,2024-09,1,0,True,True,0.0,0.0,OK,True
53,42,2024-09-15,delivered,Distributor,5,2,15,SportRetail Pro Training Shoes v5,Footwear,208.06,120.0,2.9,SportRetail Pro Training Shoes v5,Footwear,SportRetail Pro,208.06,2.9,453.0,3.8,283,SR-FOO-0015,False,53,Perú,Lima,Online Retailer,Sebastián Cortes,SportRetail Pro Training Shoes v5,Perú,Distributor,delivered,2.9,24967.2,Premium,2024,3,9,Septiembre,2024-09,1,0,True,True,0.0,0.0,Revenue extremo por IQR,True
53,42,2024-09-15,delivered,Distributor,5,3,88,SportRetail Pro Sport Socks v3,Accessories,29.31,108.0,10.2,SportRetail Pro Sport Socks v3,Accessories,SportRetail Pro,29.31,10.2,284.0,4.4,717,SR-ACC-0088,False,53,Perú,Lima,Online Retailer,Sebastián Cortes,SportRetail Pro Sport Socks v3,Perú,Distributor,delivered,10.2,3165.48,Económico,2024,3,9,Septiembre,2024-09,1,0,True,True,0.0,0.0,OK,True
53,42,2024-09-15,delivered,Distributor,5,4,27,PowerEdge Tennis Shoes v2,Footwear,67.19,21.0,16.3,PowerEdge Tennis Shoes v2,Footwear,PowerEdge,67.19,16.3,330.0,2.7,422,SR-FOO-0027,False,53,Perú,Lima,Online Retailer,Sebastián Cortes,PowerEdge Tennis Shoes v2,Perú,Distributor,delivered,16.3,1410.99,Medio,2024,3,9,Septiembre,2024-09,1,0,True,True,0.0,0.0,OK,True
53,42,2024-09-15,delivered,Distributor,5,5,92,AthletX Resistance Bands v2,Equipment,35.56,63.0,12.1,AthletX Resistance Bands v2,Equipment,AthletX,35.56,12.1,370.0,4.0,788,SR-EQU-0092,False,53,Perú,Lima,Online Retailer,Sebastián Cortes,AthletX Resistance Bands v2,Perú,Distributor,delivered,12.1,2240.28,Económico,2024,3,9,Septiembre,2024-09,1,0,True,True,0.0,0.0,OK,True
54,93,2024-12-07,delivered,Direct Sales,1,1,51,CoreFit Football Jersey v1,Apparel,115.08,37.0,24.2,CoreFit Football Jersey v1,Apparel,CoreFit,115.08,24.2,142.0,3.4,531,SR-APP-0051,False,42,Chile,Temuco,Independent,Antonella Bustamante,CoreFit Football Jersey v1,Chile,Direct Sales,delivered,24.2,4257.96,Medio,2024,4,12,Diciembre,2024-12,1,0,True,True,0.0,0.0,OK,True
55,55,2024-07-06,delivered,E-commerce B2B,3,1,90,SpeedMax Sport Socks v5,Accessories,54.28,12.0,8.6,SpeedMax Sport Socks v5,Accessories,SpeedMax,54.28,8.6,381.0,3.9,370,SR-ACC-0090,False,43,Perú,Piura,Online Retailer,Ramona Pedrero,SpeedMax Sport Socks v5,Perú,E-commerce B2B,delivered,8.6,651.36,Medio,2024,3,7,Julio,2024-07,1,0,True,True,0.0,0.0,OK,True
55,55,2024-07-06,delivered,E-commerce B2B,3,2,9,AthletX Basketball Shoes v4,Footwear,175.18,13.0,6.1,AthletX Basketball Shoes v4,Footwear,AthletX,175.18,6.1,236.0,3.4,665,SR-FOO-0009,False,43,Perú,Piura,Online Retailer,Ramona Pedrero,AthletX Basketball Shoes v4,Perú,E-commerce B2B,delivered,6.1,2277.34,Medio,2024,3,7,Julio,2024-07,1,0,True,True,0.0,0.0,OK,True
55,55,2024-07-06,delivered,E-commerce B2B,3,3,70,SpeedMax Water Bottle v5,Accessories,41.16,65.0,19.2,SpeedMax Water Bottle v5,Accessories,SpeedMax,41.16,19.2,484.0,4.2,793,SR-ACC-0070,False,43,Perú,Piura,Online Retailer,Ramona Pedrero,SpeedMax Water Bottle v5,Perú,E-commerce B2B,delivered,19.2,2675.3999999999996,Económico,2024,3,7,Julio,2024-07,1,0,True,True,0.0,0.0,OK,True
56,94,2024-03-24,cancelled,Direct Sales,6,1,54,SpeedMax Football Jersey v4,Apparel,118.95,53.0,4.8,SpeedMax Football Jersey v4,Apparel,SpeedMax,118.95,4.8,22.0,4.3,11,SR-APP-0054,False,50,Perú,Arequipa,Online Retailer,María José Cerdá,SpeedMax Football Jersey v4,Perú,Direct Sales,cancelled,4.8,6304.35,Medio,2024,1,3,Marzo,2024-03,0,1,True,True,0.0,0.0,OK,True
56,94,2024-03-24,cancelled,Direct Sales,6,2,48,SpeedMax Compression Tights v3,Apparel,22.73,92.0,18.4,SpeedMax Compression Tights v3,Apparel,SpeedMax,22.73,18.4,170.0,4.5,431,SR-APP-0048,False,50,Perú,Arequipa,Online Retailer,María José Cerdá,SpeedMax Compression Tights v3,Perú,Direct Sales,cancelled,18.4,2091.16,Económico,2024,1,3,Marzo,2024-03,0,1,True,True,0.0,0.0,OK,True
56,94,2024-03-24,cancelled,Direct Sales,6,3,115,PowerEdge Training Gloves v5,Equipment,42.73,116.0,17.6,PowerEdge Training Gloves v5,Equipment,PowerEdge,42.73,17.6,212.0,4.6,493,SR-EQU-0115,False,50,Perú,Arequipa,Online Retailer,María José Cerdá,PowerEdge Training Gloves v5,Perú,Direct Sales,cancelled,17.6,4956.679999999999,Económico,2024,1,3,Marzo,2024-03,0,1,True,True,0.0,0.0,OK,True
56,94,2024-03-24,cancelled,Direct Sales,6,4,49,AthletX Compression Tights v4,Apparel,49.35,88.0,19.7,AthletX Compression Tights v4,Apparel,AthletX,49.35,19.7,55.0,3.5,49,SR-APP-0049,False,50,Perú,Arequipa,Online Retailer,María José Cerdá,AthletX Compression Tights v4,Perú,Direct Sales,cancelled,19.7,4342.8,Económico,2024,1,3,Marzo,2024-03,0,1,True,True,0.0,0.0,OK,True
56,94,2024-03-24,cancelled,Direct Sales,6,5,58,AthletX Sports Bra v3,Apparel,87.71,20.0,7.5,AthletX Sports Bra v3,Apparel,AthletX,87.71,7.5,280.0,4.6,321,SR-APP-0058,False,50,Perú,Arequipa,Online Retailer,María José Cerdá,AthletX Sports Bra v3,Perú,Direct Sales,cancelled,7.5,1754.1999999999998,Medio,2024,1,3,Marzo,2024-03,0,1,True,True,0.0,0.0,OK,True
56,94,2024-03-24,cancelled,Direct Sales,6,6,112,PowerEdge Training Gloves v2,Equipment,56.99,73.0,1.3,PowerEdge Training Gloves v2,Equipment,PowerEdge,56.99,1.3,136.0,3.9,304,SR-EQU-0112,False,50,Perú,Arequipa,Online Retailer,María José Cerdá,PowerEdge Training Gloves v2,Perú,Direct Sales,cancelled,1.3,4160.27,Medio,2024,1,3,Marzo,2024-03,0,1,True,True,0.0,0.0,OK,True
57,97,2024-09-14,delivered,Direct Sales,1,1,39,SportRetail Pro Training Shorts v4,Apparel,116.72,64.0,9.2,SportRetail Pro Training Shorts v4,Apparel,SportRetail Pro,116.72,9.2,80.0,3.6,566,SR-APP-0039,False,25,Colombia,Bogotá,Independent,Karen Martínez,SportRetail Pro Training Shorts v4,Colombia,Direct Sales,delivered,9.2,7470.08,Medio,2024,3,9,Septiembre,2024-09,1,0,True,True,0.0,0.0,OK,True
58,32,2024-01-08,shipped,Direct Sales,4,1,45,CoreFit Track Jacket v5,Apparel,84.08,117.0,3.7,CoreFit Track Jacket v5,Apparel,CoreFit,84.08,3.7,65.0,2.6,383,SR-APP-0045,False,39,Colombia,Bogotá,Sports Chain,Fernanda Ramos,CoreFit Track Jacket v5,Colombia,Direct Sales,shipped,3.7,9837.36,Medio,2024,1,1,Enero,2024-01,0,0,True,True,0.0,0.0,OK,True
58,32,2024-01-08,shipped,Direct Sales,4,2,20,SportRetail Pro Slides v5,Footwear,74.27,19.0,12.1,SportRetail Pro Slides v5,Footwear,SportRetail Pro,74.27,12.1,35.0,4.9,555,SR-FOO-0020,False,39,Colombia,Bogotá,Sports Chain,Fernanda Ramos,SportRetail Pro Slides v5,Colombia,Direct Sales,shipped,12.1,1411.1299999999999,Medio,2024,1,1,Enero,2024-01,0,0,True,True,0.0,0.0,OK,True
58,32,2024-01-08,shipped,Direct Sales,4,3,36,PowerEdge Training Shorts v1,Apparel,84.2,89.0,13.1,PowerEdge Training Shorts v1,Apparel,PowerEdge,84.2,13.1,478.0,3.2,695,SR-APP-0036,False,39,Colombia,Bogotá,Sports Chain,Fernanda Ramos,PowerEdge Training Shorts v1,Colombia,Direct Sales,shipped,13.1,7493.8,Medio,2024,1,1,Enero,2024-01,0,0,True,True,0.0,0.0,OK,True
58,32,2024-01-08,shipped,Direct Sales,4,4,25,PowerEdge Football Boots v5,Footwear,164.22,103.0,13.5,PowerEdge Football Boots v5,Footwear,PowerEdge,164.22,13.5,370.0,4.8,594,SR-FOO-0025,False,39,Colombia,Bogotá,Sports Chain,Fernanda Ramos,PowerEdge Football Boots v5,Colombia,Direct Sales,shipped,13.5,16914.66,Medio,2024,1,1,Enero,2024-01,0,0,True,True,0.0,0.0,Revenue extremo por IQR,True
59,77,2024-01-08,delivered,Distributor,1,1,58,AthletX Sports Bra v3,Apparel,87.71,81.0,7.5,AthletX Sports Bra v3,Apparel,AthletX,87.71,7.5,280.0,4.6,321,SR-APP-0058,False,53,México,Ciudad de México,Sports Chain,Jaime Cazares,AthletX Sports Bra v3,México,Distributor,delivered,7.5,7104.509999999999,Medio,2024,1,1,Enero,2024-01,1,0,True,True,0.0,0.0,OK,True
60,57,2024-05-08,delivered,E-commerce B2B,2,1,70,SpeedMax Water Bottle v5,Accessories,41.16,101.0,19.2,SpeedMax Water Bottle v5,Accessories,SpeedMax,41.16,19.2,484.0,4.2,793,SR-ACC-0070,False,41,México,Monterrey,Superstore,Margarita Pedroza,SpeedMax Water Bottle v5,México,E-commerce B2B,delivered,19.2,4157.16,Económico,2024,2,5,Mayo,2024-05,1,0,True,True,0.0,0.0,OK,True
60,57,2024-05-08,delivered,E-commerce B2B,2,2,28,SportRetail Pro Tennis Shoes v3,Footwear,110.95,12.0,4.8,SportRetail Pro Tennis Shoes v3,Footwear,SportRetail Pro,110.95,4.8,229.0,2.9,197,SR-FOO-0028,False,41,México,Monterrey,Superstore,Margarita Pedroza,SportRetail Pro Tennis Shoes v3,México,E-commerce B2B,delivered,4.8,1331.4,Medio,2024,2,5,Mayo,2024-05,1,0,True,True,0.0,0.0,OK,True
61,74,2024-09-08,shipped,Distributor,3,1,74,UrbanSport Cap v4,Accessories,55.15,91.0,0.7,UrbanSport Cap v4,Accessories,UrbanSport,55.15,0.7,329.0,3.6,482,SR-ACC-0074,False,36,Colombia,Bogotá,Superstore,Jenny Ospina,UrbanSport Cap v4,Colombia,Distributor,shipped,0.7,5018.65,Medio,2024,3,9,Septiembre,2024-09,0,0,True,True,0.0,0.0,OK,True
61,74,2024-09-08,shipped,Distributor,3,2,77,PowerEdge Headband v2,Accessories,13.22,35.0,0.8,PowerEdge Headband v2,Accessories,PowerEdge,13.22,0.8,126.0,3.0,30,SR-ACC-0077,False,36,Colombia,Bogotá,Superstore,Jenny Ospina,PowerEdge Headband v2,Colombia,Distributor,shipped,0.8,462.70000000000005,Económico,2024,3,9,Septiembre,2024-09,0,0,True,True,0.0,0.0,OK,True
61,74,2024-09-08,shipped,Distributor,3,3,99,CoreFit Jump Rope v4,Equipment,69.02,23.0,1.5,CoreFit Jump Rope v4,Equipment,CoreFit,69.02,1.5,491.0,4.4,791,SR-EQU-0099,False,36,Colombia,Bogotá,Superstore,Jenny Ospina,CoreFit Jump Rope v4,Colombia,Distributor,shipped,1.5,1587.4599999999998,Medio,2024,3,9,Septiembre,2024-09,0,0,True,True,0.0,0.0,OK,True
62,8,2024-07-14,confirmed,Distributor,5,1,76,CoreFit Headband v1,Accessories,76.79,85.0,11.8,CoreFit Headband v1,Accessories,CoreFit,76.79,11.8,383.0,3.8,368,SR-ACC-0076,False,52,Argentina,Rosario,Independent,Luciano Vera,CoreFit Headband v1,Argentina,Distributor,confirmed,11.8,6527.150000000001,Medio,2024,3,7,Julio,2024-07,0,0,True,True,0.0,0.0,OK,True
62,8,2024-07-14,confirmed,Distributor,5,2,113,SportRetail Pro Training Gloves v3,Equipment,17.74,76.0,15.8,SportRetail Pro Training Gloves v3,Equipment,SportRetail Pro,17.74,15.8,409.0,,172,SR-EQU-0113,False,52,Argentina,Rosario,Independent,Luciano Vera,SportRetail Pro Training Gloves v3,Argentina,Distributor,confirmed,15.8,1348.2399999999998,Económico,2024,3,7,Julio,2024-07,0,0,True,True,0.0,0.0,Calificación nula,True
62,8,2024-07-14,confirmed,Distributor,5,3,95,SportRetail Pro Resistance Bands v5,Equipment,69.54,49.0,11.7,SportRetail Pro Resistance Bands v5,Equipment,SportRetail Pro,69.54,11.7,225.0,3.4,62,SR-EQU-0095,False,52,Argentina,Rosario,Independent,Luciano Vera,SportRetail Pro Resistance Bands v5,Argentina,Distributor,confirmed,11.7,3407.4600000000005,Medio,2024,3,7,Julio,2024-07,0,0,True,True,0.0,0.0,OK,True
62,8,2024-07-14,confirmed,Distributor,5,4,117,SpeedMax Agility Ladder v2,Equipment,47.29,90.0,19.7,SpeedMax Agility Ladder v2,Equipment,SpeedMax,47.29,19.7,136.0,4.6,299,SR-EQU-0117,False,52,Argentina,Rosario,Independent,Luciano Vera,SpeedMax Agility Ladder v2,Argentina,Distributor,confirmed,19.7,4256.1,Económico,2024,3,7,Julio,2024-07,0,0,True,True,0.0,0.0,OK,True
62,8,2024-07-14,confirmed,Distributor,5,5,23,SpeedMax Football Boots v3,Footwear,82.23,72.0,5.6,SpeedMax Football Boots v3,Footwear,SpeedMax,82.23,5.6,173.0,2.6,577,SR-FOO-0023,False,52,Argentina,Rosario,Independent,Luciano Vera,SpeedMax Football Boots v3,Argentina,Distributor,confirmed,5.6,5920.56,Medio,2024,3,7,Julio,2024-07,0,0,True,True,0.0,0.0,OK,True
63,24,2024-05-07,shipped,Direct Sales,5,1,61,AthletX Sport Backpack v1,Accessories,63.82,114.0,5.6,AthletX Sport Backpack v1,Accessories,AthletX,63.82,5.6,101.0,2.9,57,SR-ACC-0061,False,28,Chile,Concepción,Independent,Héctor Cáceres,AthletX Sport Backpack v1,Chile,Direct Sales,shipped,5.6,7275.4800000000005,Medio,2024,2,5,Mayo,2024-05,0,0,True,True,0.0,0.0,OK,True
63,24,2024-05-07,shipped,Direct Sales,5,2,31,SportRetail Pro Performance T-Shirt v1,Apparel,38.11,108.0,0.1,SportRetail Pro Performance T-Shirt v1,Apparel,SportRetail Pro,38.11,0.1,199.0,3.2,475,SR-APP-0031,False,28,Chile,Concepción,Independent,Héctor Cáceres,SportRetail Pro Performance T-Shirt v1,Chile,Direct Sales,shipped,0.1,4115.88,Económico,2024,2,5,Mayo,2024-05,0,0,True,True,0.0,0.0,OK,True
63,24,2024-05-07,shipped,Direct Sales,5,3,109,SportRetail Pro Foam Roller v4,Equipment,96.48,12.0,8.2,SportRetail Pro Foam Roller v4,Equipment,SportRetail Pro,96.48,8.2,355.0,3.7,688,SR-EQU-0109,False,28,Chile,Concepción,Independent,Héctor Cáceres,SportRetail Pro Foam Roller v4,Chile,Direct Sales,shipped,8.2,1157.76,Medio,2024,2,5,Mayo,2024-05,0,0,True,True,0.0,0.0,OK,True
63,24,2024-05-07,shipped,Direct Sales,5,4,29,SportRetail Pro Tennis Shoes v4,Footwear,154.7,58.0,21.5,SportRetail Pro Tennis Shoes v4,Footwear,SportRetail Pro,154.7,21.5,281.0,2.7,677,SR-FOO-0029,False,28,Chile,Concepción,Independent,Héctor Cáceres,SportRetail Pro Tennis Shoes v4,Chile,Direct Sales,shipped,21.5,8972.599999999999,Medio,2024,2,5,Mayo,2024-05,0,0,True,True,0.0,0.0,OK,True
63,24,2024-05-07,shipped,Direct Sales,5,5,39,SportRetail Pro Training Shorts v4,Apparel,116.72,22.0,9.2,SportRetail Pro Training Shorts v4,Apparel,SportRetail Pro,116.72,9.2,80.0,3.6,566,SR-APP-0039,False,28,Chile,Concepción,Independent,Héctor Cáceres,SportRetail Pro Training Shorts v4,Chile,Direct Sales,shipped,9.2,2567.84,Medio,2024,2,5,Mayo,2024-05,0,0,True,True,0.0,0.0,OK,True
64,58,2024-02-07,delivered,E-commerce B2B,3,1,12,AthletX Training Shoes v2,Footwear,222.62,111.0,13.5,AthletX Training Shoes v2,Footwear,AthletX,222.62,13.5,382.0,4.0,607,SR-FOO-0012,False,35,Colombia,Cartagena,Online Retailer,Carmen Lozano,AthletX Training Shoes v2,Colombia,E-commerce B2B,delivered,13.5,24710.82,Premium,2024,1,2,Febrero,2024-02,1,0,True,True,0.0,0.0,Revenue extremo por IQR,True
64,58,2024-02-07,delivered,E-commerce B2B,3,2,69,PowerEdge Water Bottle v4,Accessories,22.22,39.0,5.3,PowerEdge Water Bottle v4,Accessories,PowerEdge,22.22,5.3,212.0,3.5,565,SR-ACC-0069,False,35,Colombia,Cartagena,Online Retailer,Carmen Lozano,PowerEdge Water Bottle v4,Colombia,E-commerce B2B,delivered,5.3,866.5799999999999,Económico,2024,1,2,Febrero,2024-02,1,0,True,True,0.0,0.0,OK,True
64,58,2024-02-07,delivered,E-commerce B2B,3,3,93,SportRetail Pro Resistance Bands v3,Equipment,94.1,82.0,7.4,SportRetail Pro Resistance Bands v3,Equipment,SportRetail Pro,94.1,7.4,184.0,2.9,24,SR-EQU-0093,False,35,Colombia,Cartagena,Online Retailer,Carmen Lozano,SportRetail Pro Resistance Bands v3,Colombia,E-commerce B2B,delivered,7.4,7716.2,Medio,2024,1,2,Febrero,2024-02,1,0,True,True,0.0,0.0,OK,True
65,93,2024-12-07,shipped,Direct Sales,6,1,72,UrbanSport Cap v2,Accessories,81.82,47.0,12.2,UrbanSport Cap v2,Accessories,UrbanSport,81.82,12.2,139.0,3.6,39,SR-ACC-0072,False,42,Chile,Temuco,Independent,Antonella Bustamante,UrbanSport Cap v2,Chile,Direct Sales,shipped,12.2,3845.5399999999995,Medio,2024,4,12,Diciembre,2024-12,0,0,True,True,0.0,0.0,OK,True
65,93,2024-12-07,shipped,Direct Sales,6,2,28,SportRetail Pro Tennis Shoes v3,Footwear,110.95,6.0,4.8,SportRetail Pro Tennis Shoes v3,Footwear,SportRetail Pro,110.95,4.8,229.0,2.9,197,SR-FOO-0028,False,42,Chile,Temuco,Independent,Antonella Bustamante,SportRetail Pro Tennis Shoes v3,Chile,Direct Sales,shipped,4.8,665.7,Medio,2024,4,12,Diciembre,2024-12,0,0,True,True,0.0,0.0,OK,True
65,93,2024-12-07,shipped,Direct Sales,6,3,62,SportRetail Pro Sport Backpack v2,Accessories,46.43,29.0,22.2,SportRetail Pro Sport Backpack v2,Accessories,SportRetail Pro,46.43,22.2,294.0,3.0,723,SR-ACC-0062,False,42,Chile,Temuco,Independent,Antonella Bustamante,SportRetail Pro Sport Backpack v2,Chile,Direct Sales,shipped,22.2,1346.47,Económico,2024,4,12,Diciembre,2024-12,0,0,True,True,0.0,0.0,OK,True
65,93,2024-12-07,shipped,Direct Sales,6,4,27,PowerEdge Tennis Shoes v2,Footwear,67.19,20.0,16.3,PowerEdge Tennis Shoes v2,Footwear,PowerEdge,67.19,16.3,330.0,2.7,422,SR-FOO-0027,False,42,Chile,Temuco,Independent,Antonella Bustamante,PowerEdge Tennis Shoes v2,Chile,Direct Sales,shipped,16.3,1343.8,Medio,2024,4,12,Diciembre,2024-12,0,0,True,True,0.0,0.0,OK,True
65,93,2024-12-07,shipped,Direct Sales,6,5,112,PowerEdge Training Gloves v2,Equipment,56.99,101.0,1.3,PowerEdge Training Gloves v2,Equipment,PowerEdge,56.99,1.3,136.0,3.9,304,SR-EQU-0112,False,42,Chile,Temuco,Independent,Antonella Bustamante,PowerEdge Training Gloves v2,Chile,Direct Sales,shipped,1.3,5755.99,Medio,2024,4,12,Diciembre,2024-12,0,0,True,True,0.0,0.0,OK,True
65,93,2024-12-07,shipped,Direct Sales,6,6,117,SpeedMax Agility Ladder v2,Equipment,47.29,36.0,19.7,SpeedMax Agility Ladder v2,Equipment,SpeedMax,47.29,19.7,136.0,4.6,299,SR-EQU-0117,False,42,Chile,Temuco,Independent,Antonella Bustamante,SpeedMax Agility Ladder v2,Chile,Direct Sales,shipped,19.7,1702.44,Económico,2024,4,12,Diciembre,2024-12,0,0,True,True,0.0,0.0,OK,True
66,71,2024-08-15,confirmed,E-commerce B2B,3,1,100,PowerEdge Jump Rope v5,Equipment,22.71,64.0,6.0,PowerEdge Jump Rope v5,Equipment,PowerEdge,22.71,6.0,282.0,2.7,12,SR-EQU-0100,False,39,México,Puebla,Superstore,Guadalupe Ferrer,PowerEdge Jump Rope v5,México,E-commerce B2B,confirmed,6.0,1453.44,Económico,2024,3,8,Agosto,2024-08,0,0,True,True,0.0,0.0,OK,True
66,71,2024-08-15,confirmed,E-commerce B2B,3,2,37,SpeedMax Training Shorts v2,Apparel,34.4,50.0,16.1,SpeedMax Training Shorts v2,Apparel,SpeedMax,34.4,16.1,234.0,,779,SR-APP-0037,False,39,México,Puebla,Superstore,Guadalupe Ferrer,SpeedMax Training Shorts v2,México,E-commerce B2B,confirmed,16.1,1720.0,Económico,2024,3,8,Agosto,2024-08,0,0,True,True,0.0,0.0,Calificación nula,True
66,71,2024-08-15,confirmed,E-commerce B2B,3,3,49,AthletX Compression Tights v4,Apparel,49.35,51.0,19.7,AthletX Compression Tights v4,Apparel,AthletX,49.35,19.7,55.0,3.5,49,SR-APP-0049,False,39,México,Puebla,Superstore,Guadalupe Ferrer,AthletX Compression Tights v4,México,E-commerce B2B,confirmed,19.7,2516.85,Económico,2024,3,8,Agosto,2024-08,0,0,True,True,0.0,0.0,OK,True
67,61,2024-05-18,cancelled,E-commerce B2B,3,1,118,UrbanSport Agility Ladder v3,Equipment,109.9,45.0,12.2,UrbanSport Agility Ladder v3,Equipment,UrbanSport,109.9,12.2,76.0,3.6,505,SR-EQU-0118,False,49,Argentina,Córdoba,Superstore,Agustín Arias,UrbanSport Agility Ladder v3,Argentina,E-commerce B2B,cancelled,12.2,4945.5,Medio,2024,2,5,Mayo,2024-05,0,1,True,True,0.0,0.0,OK,True
67,61,2024-05-18,cancelled,E-commerce B2B,3,2,27,PowerEdge Tennis Shoes v2,Footwear,67.19,77.0,16.3,PowerEdge Tennis Shoes v2,Footwear,PowerEdge,67.19,16.3,330.0,2.7,422,SR-FOO-0027,False,49,Argentina,Córdoba,Superstore,Agustín Arias,PowerEdge Tennis Shoes v2,Argentina,E-commerce B2B,cancelled,16.3,5173.63,Medio,2024,2,5,Mayo,2024-05,0,1,True,True,0.0,0.0,OK,True
67,61,2024-05-18,cancelled,E-commerce B2B,3,3,48,SpeedMax Compression Tights v3,Apparel,22.73,99.0,18.4,SpeedMax Compression Tights v3,Apparel,SpeedMax,22.73,18.4,170.0,4.5,431,SR-APP-0048,False,49,Argentina,Córdoba,Superstore,Agustín Arias,SpeedMax Compression Tights v3,Argentina,E-commerce B2B,cancelled,18.4,2250.27,Económico,2024,2,5,Mayo,2024-05,0,1,True,True,0.0,0.0,OK,True
68,93,2024-08-24,delivered,Distributor,4,1,38,UrbanSport Training Shorts v3,Apparel,129.83,34.0,24.9,UrbanSport Training Shorts v3,Apparel,UrbanSport,129.83,24.9,37.0,3.8,528,SR-APP-0038,False,42,Chile,Temuco,Independent,Antonella Bustamante,UrbanSport Training Shorts v3,Chile,Distributor,delivered,24.9,4414.22,Medio,2024,3,8,Agosto,2024-08,1,0,True,True,0.0,0.0,OK,True
68,93,2024-08-24,delivered,Distributor,4,2,20,SportRetail Pro Slides v5,Footwear,74.27,111.0,12.1,SportRetail Pro Slides v5,Footwear,SportRetail Pro,74.27,12.1,35.0,4.9,555,SR-FOO-0020,False,42,Chile,Temuco,Independent,Antonella Bustamante,SportRetail Pro Slides v5,Chile,Distributor,delivered,12.1,8243.97,Medio,2024,3,8,Agosto,2024-08,1,0,True,True,0.0,0.0,OK,True
68,93,2024-08-24,delivered,Distributor,4,3,26,SpeedMax Tennis Shoes v1,Footwear,236.69,75.0,4.8,SpeedMax Tennis Shoes v1,Footwear,SpeedMax,236.69,4.8,49.0,4.1,372,SR-FOO-0026,False,42,Chile,Temuco,Independent,Antonella Bustamante,SpeedMax Tennis Shoes v1,Chile,Distributor,delivered,4.8,17751.75,Premium,2024,3,8,Agosto,2024-08,1,0,True,True,0.0,0.0,Revenue extremo por IQR,True
68,93,2024-08-24,delivered,Distributor,4,4,43,CoreFit Track Jacket v3,Apparel,24.85,92.0,8.3,CoreFit Track Jacket v3,Apparel,CoreFit,24.85,8.3,66.0,4.1,278,SR-APP-0043,False,42,Chile,Temuco,Independent,Antonella Bustamante,CoreFit Track Jacket v3,Chile,Distributor,delivered,8.3,2286.2000000000003,Económico,2024,3,8,Agosto,2024-08,1,0,True,True,0.0,0.0,OK,True
69,59,2024-03-18,cancelled,Direct Sales,2,1,94,SportRetail Pro Resistance Bands v4,Equipment,107.56,50.0,13.8,SportRetail Pro Resistance Bands v4,Equipment,SportRetail Pro,107.56,13.8,357.0,4.9,663,SR-EQU-0094,False,28,Colombia,Medellín,Superstore,Francisco Beltrán,SportRetail Pro Resistance Bands v4,Colombia,Direct Sales,cancelled,13.8,5378.0,Medio,2024,1,3,Marzo,2024-03,0,1,True,True,0.0,0.0,OK,True
69,59,2024-03-18,cancelled,Direct Sales,2,2,102,CoreFit Yoga Mat v2,Equipment,89.84,97.0,15.6,CoreFit Yoga Mat v2,Equipment,CoreFit,89.84,15.6,338.0,4.5,212,SR-EQU-0102,False,28,Colombia,Medellín,Superstore,Francisco Beltrán,CoreFit Yoga Mat v2,Colombia,Direct Sales,cancelled,15.6,8714.48,Medio,2024,1,3,Marzo,2024-03,0,1,True,True,0.0,0.0,OK,True
70,68,2024-11-02,delivered,Distributor,1,1,108,UrbanSport Foam Roller v3,Equipment,56.41,113.0,20.4,UrbanSport Foam Roller v3,Equipment,UrbanSport,56.41,20.4,496.0,2.7,366,SR-EQU-0108,False,27,Chile,Concepción,Sports Chain,María Letelier,UrbanSport Foam Roller v3,Chile,Distributor,delivered,20.4,6374.33,Medio,2024,4,11,Noviembre,2024-11,1,0,True,True,0.0,0.0,OK,True
71,18,2024-01-17,delivered,E-commerce B2B,6,1,30,SportRetail Pro Tennis Shoes v5,Footwear,263.43,69.0,21.2,SportRetail Pro Tennis Shoes v5,Footwear,SportRetail Pro,263.43,21.2,85.0,3.5,502,SR-FOO-0030,False,53,Argentina,Rosario,Sports Chain,Delfina Maldonado,SportRetail Pro Tennis Shoes v5,Argentina,E-commerce B2B,delivered,21.2,18176.670000000002,Premium,2024,1,1,Enero,2024-01,1,0,True,True,0.0,0.0,Revenue extremo por IQR,True
71,18,2024-01-17,delivered,E-commerce B2B,6,2,9,AthletX Basketball Shoes v4,Footwear,175.18,12.0,6.1,AthletX Basketball Shoes v4,Footwear,AthletX,175.18,6.1,236.0,3.4,665,SR-FOO-0009,False,53,Argentina,Rosario,Sports Chain,Delfina Maldonado,AthletX Basketball Shoes v4,Argentina,E-commerce B2B,delivered,6.1,2102.16,Medio,2024,1,1,Enero,2024-01,1,0,True,True,0.0,0.0,OK,True
71,18,2024-01-17,delivered,E-commerce B2B,6,3,91,CoreFit Resistance Bands v1,Equipment,36.9,90.0,18.0,CoreFit Resistance Bands v1,Equipment,CoreFit,36.9,18.0,161.0,2.8,558,SR-EQU-0091,False,53,Argentina,Rosario,Sports Chain,Delfina Maldonado,CoreFit Resistance Bands v1,Argentina,E-commerce B2B,delivered,18.0,3321.0,Económico,2024,1,1,Enero,2024-01,1,0,True,True,0.0,0.0,OK,True
71,18,2024-01-17,delivered,E-commerce B2B,6,4,20,SportRetail Pro Slides v5,Footwear,74.27,66.0,12.1,SportRetail Pro Slides v5,Footwear,SportRetail Pro,74.27,12.1,35.0,4.9,555,SR-FOO-0020,False,53,Argentina,Rosario,Sports Chain,Delfina Maldonado,SportRetail Pro Slides v5,Argentina,E-commerce B2B,delivered,12.1,4901.82,Medio,2024,1,1,Enero,2024-01,1,0,True,True,0.0,0.0,OK,True
71,18,2024-01-17,delivered,E-commerce B2B,6,5,2,UrbanSport Running Shoes v2,Footwear,74.56,,10.5,UrbanSport Running Shoes v2,Footwear,UrbanSport,74.56,10.5,15.0,,248,SR-FOO-0002,False,53,Argentina,Rosario,Sports Chain,Delfina Maldonado,UrbanSport Running Shoes v2,Argentina,E-commerce B2B,delivered,10.5,,Medio,2024,1,1,Enero,2024-01,1,0,True,True,0.0,0.0,Cantidad nula | Calificación nula,False
71,18,2024-01-17,delivered,E-commerce B2B,6,6,28,SportRetail Pro Tennis Shoes v3,Footwear,110.95,75.0,4.8,SportRetail Pro Tennis Shoes v3,Footwear,SportRetail Pro,110.95,4.8,229.0,2.9,197,SR-FOO-0028,False,53,Argentina,Rosario,Sports Chain,Delfina Maldonado,SportRetail Pro Tennis Shoes v3,Argentina,E-commerce B2B,delivered,4.8,8321.25,Medio,2024,1,1,Enero,2024-01,1,0,True,True,0.0,0.0,OK,True
72,37,2024-07-26,cancelled,Direct Sales,1,1,65,PowerEdge Sport Backpack v5,Accessories,52.49,109.0,14.0,PowerEdge Sport Backpack v5,Accessories,PowerEdge,52.49,14.0,162.0,4.9,463,SR-ACC-0065,False,26,Argentina,Buenos Aires,Independent,Luisina Miranda,PowerEdge Sport Backpack v5,Argentina,Direct Sales,cancelled,14.0,5721.41,Medio,2024,3,7,Julio,2024-07,0,1,True,True,0.0,0.0,OK,True
73,14,2024-10-17,shipped,Distributor,1,1,68,PowerEdge Water Bottle v3,Accessories,32.86,24.0,6.8,PowerEdge Water Bottle v3,Accessories,PowerEdge,32.86,6.8,163.0,4.7,92,SR-ACC-0068,False,36,Perú,Lima,Superstore,Maximiano Belmonte,PowerEdge Water Bottle v3,Perú,Distributor,shipped,6.8,788.64,Económico,2024,4,10,Octubre,2024-10,0,0,True,True,0.0,0.0,OK,True
74,35,2024-11-25,confirmed,Distributor,4,1,11,UrbanSport Training Shoes v1,Footwear,252.18,77.0,7.9,UrbanSport Training Shoes v1,Footwear,UrbanSport,252.18,7.9,335.0,3.7,668,SR-FOO-0011,False,42,Argentina,Tucumán,Independent,Mateo Ramirez,UrbanSport Training Shoes v1,Argentina,Distributor,confirmed,7.9,19417.86,Premium,2024,4,11,Noviembre,2024-11,0,0,True,True,0.0,0.0,Revenue extremo por IQR,True
74,35,2024-11-25,confirmed,Distributor,4,2,48,SpeedMax Compression Tights v3,Apparel,22.73,94.0,18.4,SpeedMax Compression Tights v3,Apparel,SpeedMax,22.73,18.4,170.0,4.5,431,SR-APP-0048,False,42,Argentina,Tucumán,Independent,Mateo Ramirez,SpeedMax Compression Tights v3,Argentina,Distributor,confirmed,18.4,2136.62,Económico,2024,4,11,Noviembre,2024-11,0,0,True,True,0.0,0.0,OK,True
74,35,2024-11-25,confirmed,Distributor,4,3,52,UrbanSport Football Jersey v2,Apparel,56.43,92.0,0.7,UrbanSport Football Jersey v2,Apparel,UrbanSport,56.43,0.7,449.0,4.9,192,SR-APP-0052,False,42,Argentina,Tucumán,Independent,Mateo Ramirez,UrbanSport Football Jersey v2,Argentina,Distributor,confirmed,0.7,5191.56,Medio,2024,4,11,Noviembre,2024-11,0,0,True,True,0.0,0.0,OK,True
74,35,2024-11-25,confirmed,Distributor,4,4,59,UrbanSport Sports Bra v4,Apparel,86.73,15.0,8.1,UrbanSport Sports Bra v4,Apparel,UrbanSport,86.73,8.1,226.0,3.6,228,SR-APP-0059,False,42,Argentina,Tucumán,Independent,Mateo Ramirez,UrbanSport Sports Bra v4,Argentina,Distributor,confirmed,8.1,1300.95,Medio,2024,4,11,Noviembre,2024-11,0,0,True,True,0.0,0.0,OK,True
75,49,2024-02-17,cancelled,Direct Sales,4,1,71,CoreFit Cap v1,Accessories,33.89,6.0,9.7,CoreFit Cap v1,Accessories,CoreFit,33.89,9.7,456.0,4.9,439,SR-ACC-0071,False,43,Perú,Cusco,Online Retailer,Victor Guzman,CoreFit Cap v1,Perú,Direct Sales,cancelled,9.7,203.34,Económico,2024,1,2,Febrero,2024-02,0,1,True,True,0.0,0.0,OK,True
75,49,2024-02-17,cancelled,Direct Sales,4,2,61,AthletX Sport Backpack v1,Accessories,63.82,15.0,5.6,AthletX Sport Backpack v1,Accessories,AthletX,63.82,5.6,101.0,2.9,57,SR-ACC-0061,False,43,Perú,Cusco,Online Retailer,Victor Guzman,AthletX Sport Backpack v1,Perú,Direct Sales,cancelled,5.6,957.3,Medio,2024,1,2,Febrero,2024-02,0,1,True,True,0.0,0.0,OK,True
75,49,2024-02-17,cancelled,Direct Sales,4,3,8,CoreFit Basketball Shoes v3,Footwear,91.6,60.0,8.9,CoreFit Basketball Shoes v3,Footwear,CoreFit,91.6,8.9,343.0,3.2,709,SR-FOO-0008,False,43,Perú,Cusco,Online Retailer,Victor Guzman,CoreFit Basketball Shoes v3,Perú,Direct Sales,cancelled,8.9,5496.0,Medio,2024,1,2,Febrero,2024-02,0,1,True,True,0.0,0.0,OK,True
75,49,2024-02-17,cancelled,Direct Sales,4,4,82,UrbanSport Gym Bag v2,Accessories,72.61,47.0,8.7,UrbanSport Gym Bag v2,Accessories,UrbanSport,72.61,8.7,219.0,4.2,80,SR-ACC-0082,False,43,Perú,Cusco,Online Retailer,Victor Guzman,UrbanSport Gym Bag v2,Perú,Direct Sales,cancelled,8.7,3412.67,Medio,2024,1,2,Febrero,2024-02,0,1,True,True,0.0,0.0,OK,True
76,28,2024-12-27,shipped,Direct Sales,6,1,114,SpeedMax Training Gloves v4,Equipment,23.85,14.0,24.8,SpeedMax Training Gloves v4,Equipment,SpeedMax,23.85,24.8,467.0,2.8,130,SR-EQU-0114,False,25,Colombia,Bogotá,Sports Chain,Olga Benavides,SpeedMax Training Gloves v4,Colombia,Direct Sales,shipped,24.8,333.90000000000003,Económico,2024,4,12,Diciembre,2024-12,0,0,True,True,0.0,0.0,OK,True
76,28,2024-12-27,shipped,Direct Sales,6,2,73,SpeedMax Cap v3,Accessories,67.93,40.0,21.0,SpeedMax Cap v3,Accessories,SpeedMax,67.93,21.0,470.0,2.8,647,SR-ACC-0073,False,25,Colombia,Bogotá,Sports Chain,Olga Benavides,SpeedMax Cap v3,Colombia,Direct Sales,shipped,21.0,2717.2000000000003,Medio,2024,4,12,Diciembre,2024-12,0,0,True,True,0.0,0.0,OK,True
76,28,2024-12-27,shipped,Direct Sales,6,3,61,AthletX Sport Backpack v1,Accessories,63.82,77.0,5.6,AthletX Sport Backpack v1,Accessories,AthletX,63.82,5.6,101.0,2.9,57,SR-ACC-0061,False,25,Colombia,Bogotá,Sports Chain,Olga Benavides,AthletX Sport Backpack v1,Colombia,Direct Sales,shipped,5.6,4914.14,Medio,2024,4,12,Diciembre,2024-12,0,0,True,True,0.0,0.0,OK,True
76,28,2024-12-27,shipped,Direct Sales,6,4,35,AthletX Performance T-Shirt v5,Apparel,64.42,27.0,23.5,AthletX Performance T-Shirt v5,Apparel,AthletX,64.42,23.5,,3.1,618,SR-APP-0035,False,25,Colombia,Bogotá,Sports Chain,Olga Benavides,AthletX Performance T-Shirt v5,Colombia,Direct Sales,shipped,23.5,1739.3400000000001,Medio,2024,4,12,Diciembre,2024-12,0,0,True,True,0.0,0.0,Inventario nulo,True
76,28,2024-12-27,shipped,Direct Sales,6,5,6,SpeedMax Basketball Shoes v1,Footwear,72.73,,7.3,SpeedMax Basketball Shoes v1,Footwear,SpeedMax,72.73,7.3,321.0,4.0,380,SR-FOO-0006,False,25,Colombia,Bogotá,Sports Chain,Olga Benavides,SpeedMax Basketball Shoes v1,Colombia,Direct Sales,shipped,7.3,,Medio,2024,4,12,Diciembre,2024-12,0,0,True,True,0.0,0.0,Cantidad nula,False
76,28,2024-12-27,shipped,Direct Sales,6,6,119,UrbanSport Agility Ladder v4,Equipment,50.83,31.0,23.3,UrbanSport Agility Ladder v4,Equipment,UrbanSport,50.83,23.3,445.0,3.0,724,SR-EQU-0119,False,25,Colombia,Bogotá,Sports Chain,Olga Benavides,UrbanSport Agility Ladder v4,Colombia,Direct Sales,shipped,23.3,1575.73,Medio,2024,4,12,Diciembre,2024-12,0,0,True,True,0.0,0.0,OK,True
77,39,2024-09-11,shipped,E-commerce B2B,2,1,73,SpeedMax Cap v3,Accessories,67.93,77.0,21.0,SpeedMax Cap v3,Accessories,SpeedMax,67.93,21.0,470.0,2.8,647,SR-ACC-0073,False,24,México,Tijuana,Superstore,Emilia Jaramillo,SpeedMax Cap v3,México,E-commerce B2B,shipped,21.0,5230.610000000001,Medio,2024,3,9,Septiembre,2024-09,0,0,True,True,0.0,0.0,OK,True
77,39,2024-09-11,shipped,E-commerce B2B,2,2,31,SportRetail Pro Performance T-Shirt v1,Apparel,38.11,54.0,0.1,SportRetail Pro Performance T-Shirt v1,Apparel,SportRetail Pro,38.11,0.1,199.0,3.2,475,SR-APP-0031,False,24,México,Tijuana,Superstore,Emilia Jaramillo,SportRetail Pro Performance T-Shirt v1,México,E-commerce B2B,shipped,0.1,2057.94,Económico,2024,3,9,Septiembre,2024-09,0,0,True,True,0.0,0.0,OK,True
78,18,2024-08-16,shipped,E-commerce B2B,6,1,93,SportRetail Pro Resistance Bands v3,Equipment,94.1,17.0,7.4,SportRetail Pro Resistance Bands v3,Equipment,SportRetail Pro,94.1,7.4,184.0,2.9,24,SR-EQU-0093,False,53,Argentina,Rosario,Sports Chain,Delfina Maldonado,SportRetail Pro Resistance Bands v3,Argentina,E-commerce B2B,shipped,7.4,1599.6999999999998,Medio,2024,3,8,Agosto,2024-08,0,0,True,True,0.0,0.0,OK,True
78,18,2024-08-16,shipped,E-commerce B2B,6,2,11,UrbanSport Training Shoes v1,Footwear,252.18,112.0,7.9,UrbanSport Training Shoes v1,Footwear,UrbanSport,252.18,7.9,335.0,3.7,668,SR-FOO-0011,False,53,Argentina,Rosario,Sports Chain,Delfina Maldonado,UrbanSport Training Shoes v1,Argentina,E-commerce B2B,shipped,7.9,28244.16,Premium,2024,3,8,Agosto,2024-08,0,0,True,True,0.0,0.0,Revenue extremo por IQR,True
78,18,2024-08-16,shipped,E-commerce B2B,6,3,65,PowerEdge Sport Backpack v5,Accessories,52.49,82.0,14.0,PowerEdge Sport Backpack v5,Accessories,PowerEdge,52.49,14.0,162.0,4.9,463,SR-ACC-0065,False,53,Argentina,Rosario,Sports Chain,Delfina Maldonado,PowerEdge Sport Backpack v5,Argentina,E-commerce B2B,shipped,14.0,4304.18,Medio,2024,3,8,Agosto,2024-08,0,0,True,True,0.0,0.0,OK,True
78,18,2024-08-16,shipped,E-commerce B2B,6,4,96,SportRetail Pro Jump Rope v1,Equipment,93.1,81.0,10.0,SportRetail Pro Jump Rope v1,Equipment,SportRetail Pro,93.1,10.0,37.0,3.9,712,SR-EQU-0096,False,53,Argentina,Rosario,Sports Chain,Delfina Maldonado,SportRetail Pro Jump Rope v1,Argentina,E-commerce B2B,shipped,10.0,7541.099999999999,Medio,2024,3,8,Agosto,2024-08,0,0,True,True,0.0,0.0,OK,True
78,18,2024-08-16,shipped,E-commerce B2B,6,5,45,CoreFit Track Jacket v5,Apparel,84.08,104.0,3.7,CoreFit Track Jacket v5,Apparel,CoreFit,84.08,3.7,65.0,2.6,383,SR-APP-0045,False,53,Argentina,Rosario,Sports Chain,Delfina Maldonado,CoreFit Track Jacket v5,Argentina,E-commerce B2B,shipped,3.7,8744.32,Medio,2024,3,8,Agosto,2024-08,0,0,True,True,0.0,0.0,OK,True
78,18,2024-08-16,shipped,E-commerce B2B,6,6,7,SportRetail Pro Basketball Shoes v2,Footwear,203.78,86.0,19.3,SportRetail Pro Basketball Shoes v2,Footwear,SportRetail Pro,203.78,19.3,40.0,4.6,113,SR-FOO-0007,False,53,Argentina,Rosario,Sports Chain,Delfina Maldonado,SportRetail Pro Basketball Shoes v2,Argentina,E-commerce B2B,shipped,19.3,17525.08,Premium,2024,3,8,Agosto,2024-08,0,0,True,True,0.0,0.0,Revenue extremo por IQR,True
79,49,2024-07-23,delivered,Direct Sales,4,1,24,SportRetail Pro Football Boots v4,Footwear,214.26,53.0,1.5,SportRetail Pro Football Boots v4,Footwear,SportRetail Pro,214.26,1.5,34.0,4.8,348,SR-FOO-0024,False,43,Perú,Cusco,Online Retailer,Victor Guzman,SportRetail Pro Football Boots v4,Perú,Direct Sales,delivered,1.5,11355.779999999999,Premium,2024,3,7,Julio,2024-07,1,0,True,True,0.0,0.0,OK,True
79,49,2024-07-23,delivered,Direct Sales,4,2,88,SportRetail Pro Sport Socks v3,Accessories,29.31,84.0,10.2,SportRetail Pro Sport Socks v3,Accessories,SportRetail Pro,29.31,10.2,284.0,4.4,717,SR-ACC-0088,False,43,Perú,Cusco,Online Retailer,Victor Guzman,SportRetail Pro Sport Socks v3,Perú,Direct Sales,delivered,10.2,2462.04,Económico,2024,3,7,Julio,2024-07,1,0,True,True,0.0,0.0,OK,True
79,49,2024-07-23,delivered,Direct Sales,4,3,75,CoreFit Cap v5,Accessories,26.93,36.0,8.2,CoreFit Cap v5,Accessories,CoreFit,26.93,8.2,389.0,4.7,294,SR-ACC-0075,False,43,Perú,Cusco,Online Retailer,Victor Guzman,CoreFit Cap v5,Perú,Direct Sales,delivered,8.2,969.48,Económico,2024,3,7,Julio,2024-07,1,0,True,True,0.0,0.0,OK,True
79,49,2024-07-23,delivered,Direct Sales,4,4,85,PowerEdge Gym Bag v5,Accessories,57.4,15.0,8.1,PowerEdge Gym Bag v5,Accessories,PowerEdge,57.4,8.1,125.0,4.6,98,SR-ACC-0085,False,43,Perú,Cusco,Online Retailer,Victor Guzman,PowerEdge Gym Bag v5,Perú,Direct Sales,delivered,8.1,861.0,Medio,2024,3,7,Julio,2024-07,1,0,True,True,0.0,0.0,OK,True
80,95,2024-08-18,delivered,Distributor,4,1,41,CoreFit Track Jacket v1,Apparel,32.7,5.0,2.7,CoreFit Track Jacket v1,Apparel,CoreFit,32.7,2.7,283.0,2.9,298,SR-APP-0041,False,39,Chile,Concepción,Independent,Andrés Palma,CoreFit Track Jacket v1,Chile,Distributor,delivered,2.7,163.5,Económico,2024,3,8,Agosto,2024-08,1,0,True,True,0.0,0.0,OK,True
80,95,2024-08-18,delivered,Distributor,4,2,47,SpeedMax Compression Tights v2,Apparel,127.12,61.0,18.7,SpeedMax Compression Tights v2,Apparel,SpeedMax,127.12,18.7,473.0,4.8,176,SR-APP-0047,False,39,Chile,Concepción,Independent,Andrés Palma,SpeedMax Compression Tights v2,Chile,Distributor,delivered,18.7,7754.320000000001,Medio,2024,3,8,Agosto,2024-08,1,0,True,True,0.0,0.0,OK,True
80,95,2024-08-18,delivered,Distributor,4,3,14,SpeedMax Training Shoes v4,Footwear,189.19,39.0,9.6,SpeedMax Training Shoes v4,Footwear,SpeedMax,189.19,9.6,305.0,5.0,551,SR-FOO-0014,False,39,Chile,Concepción,Independent,Andrés Palma,SpeedMax Training Shoes v4,Chile,Distributor,delivered,9.6,7378.41,Medio,2024,3,8,Agosto,2024-08,1,0,True,True,0.0,0.0,OK,True
80,95,2024-08-18,delivered,Distributor,4,4,12,AthletX Training Shoes v2,Footwear,222.62,16.0,13.5,AthletX Training Shoes v2,Footwear,AthletX,222.62,13.5,382.0,4.0,607,SR-FOO-0012,False,39,Chile,Concepción,Independent,Andrés Palma,AthletX Training Shoes v2,Chile,Distributor,delivered,13.5,3561.92,Premium,2024,3,8,Agosto,2024-08,1,0,True,True,0.0,0.0,OK,True
81,14,2024-10-20,delivered,Distributor,1,1,12,AthletX Training Shoes v2,Footwear,222.62,50.0,13.5,AthletX Training Shoes v2,Footwear,AthletX,222.62,13.5,382.0,4.0,607,SR-FOO-0012,False,36,Perú,Lima,Superstore,Maximiano Belmonte,AthletX Training Shoes v2,Perú,Distributor,delivered,13.5,11131.0,Premium,2024,4,10,Octubre,2024-10,1,0,True,True,0.0,0.0,OK,True
82,2,2024-03-22,shipped,Direct Sales,3,1,53,SportRetail Pro Football Jersey v3,Apparel,31.92,15.0,10.9,SportRetail Pro Football Jersey v3,Apparel,SportRetail Pro,31.92,10.9,373.0,4.5,456,SR-APP-0053,False,38,Colombia,Cartagena,Sports Chain,Rafael Pérez,SportRetail Pro Football Jersey v3,Colombia,Direct Sales,shipped,10.9,478.8,Económico,2024,1,3,Marzo,2024-03,0,0,True,True,0.0,0.0,OK,True
82,2,2024-03-22,shipped,Direct Sales,3,2,50,SpeedMax Compression Tights v5,Apparel,58.46,76.0,20.5,SpeedMax Compression Tights v5,Apparel,SpeedMax,58.46,20.5,446.0,3.1,34,SR-APP-0050,False,38,Colombia,Cartagena,Sports Chain,Rafael Pérez,SpeedMax Compression Tights v5,Colombia,Direct Sales,shipped,20.5,4442.96,Medio,2024,1,3,Marzo,2024-03,0,0,True,True,0.0,0.0,OK,True
82,2,2024-03-22,shipped,Direct Sales,3,3,100,PowerEdge Jump Rope v5,Equipment,22.71,36.0,6.0,PowerEdge Jump Rope v5,Equipment,PowerEdge,22.71,6.0,282.0,2.7,12,SR-EQU-0100,False,38,Colombia,Cartagena,Sports Chain,Rafael Pérez,PowerEdge Jump Rope v5,Colombia,Direct Sales,shipped,6.0,817.5600000000001,Económico,2024,1,3,Marzo,2024-03,0,0,True,True,0.0,0.0,OK,True
83,35,2024-06-09,cancelled,E-commerce B2B,3,1,35,AthletX Performance T-Shirt v5,Apparel,64.42,13.0,23.5,AthletX Performance T-Shirt v5,Apparel,AthletX,64.42,23.5,,3.1,618,SR-APP-0035,False,42,Argentina,Tucumán,Independent,Mateo Ramirez,AthletX Performance T-Shirt v5,Argentina,E-commerce B2B,cancelled,23.5,837.46,Medio,2024,2,6,Junio,2024-06,0,1,True,True,0.0,0.0,Inventario nulo,True
83,35,2024-06-09,cancelled,E-commerce B2B,3,2,64,PowerEdge Sport Backpack v4,Accessories,51.44,40.0,1.3,PowerEdge Sport Backpack v4,Accessories,PowerEdge,51.44,1.3,127.0,4.8,134,SR-ACC-0064,False,42,Argentina,Tucumán,Independent,Mateo Ramirez,PowerEdge Sport Backpack v4,Argentina,E-commerce B2B,cancelled,1.3,2057.6,Medio,2024,2,6,Junio,2024-06,0,1,True,True,0.0,0.0,OK,True
83,35,2024-06-09,cancelled,E-commerce B2B,3,3,19,SportRetail Pro Slides v4,Footwear,264.05,66.0,22.0,SportRetail Pro Slides v4,Footwear,SportRetail Pro,264.05,22.0,425.0,4.5,255,SR-FOO-0019,False,42,Argentina,Tucumán,Independent,Mateo Ramirez,SportRetail Pro Slides v4,Argentina,E-commerce B2B,cancelled,22.0,17427.3,Premium,2024,2,6,Junio,2024-06,0,1,True,True,0.0,0.0,Revenue extremo por IQR,True
84,81,2024-06-15,shipped,E-commerce B2B,4,1,77,PowerEdge Headband v2,Accessories,13.22,18.0,0.8,PowerEdge Headband v2,Accessories,PowerEdge,13.22,0.8,126.0,3.0,30,SR-ACC-0077,False,49,Perú,Trujillo,Online Retailer,Edelmira Sosa,PowerEdge Headband v2,Perú,E-commerce B2B,shipped,0.8,237.96,Económico,2024,2,6,Junio,2024-06,0,0,True,True,0.0,0.0,OK,True
84,81,2024-06-15,shipped,E-commerce B2B,4,2,79,UrbanSport Headband v4,Accessories,87.1,5.0,18.0,UrbanSport Headband v4,Accessories,UrbanSport,87.1,18.0,398.0,,328,SR-ACC-0079,False,49,Perú,Trujillo,Online Retailer,Edelmira Sosa,UrbanSport Headband v4,Perú,E-commerce B2B,shipped,18.0,435.5,Medio,2024,2,6,Junio,2024-06,0,0,True,True,0.0,0.0,Calificación nula,True
84,81,2024-06-15,shipped,E-commerce B2B,4,3,26,SpeedMax Tennis Shoes v1,Footwear,236.69,47.0,4.8,SpeedMax Tennis Shoes v1,Footwear,SpeedMax,236.69,4.8,49.0,4.1,372,SR-FOO-0026,False,49,Perú,Trujillo,Online Retailer,Edelmira Sosa,SpeedMax Tennis Shoes v1,Perú,E-commerce B2B,shipped,4.8,11124.43,Premium,2024,2,6,Junio,2024-06,0,0,True,True,0.0,0.0,OK,True
84,81,2024-06-15,shipped,E-commerce B2B,4,4,59,UrbanSport Sports Bra v4,Apparel,86.73,53.0,8.1,UrbanSport Sports Bra v4,Apparel,UrbanSport,86.73,8.1,226.0,3.6,228,SR-APP-0059,False,49,Perú,Trujillo,Online Retailer,Edelmira Sosa,UrbanSport Sports Bra v4,Perú,E-commerce B2B,shipped,8.1,4596.6900000000005,Medio,2024,2,6,Junio,2024-06,0,0,True,True,0.0,0.0,OK,True
85,77,2024-03-13,cancelled,Distributor,2,1,39,SportRetail Pro Training Shorts v4,Apparel,116.72,82.0,9.2,SportRetail Pro Training Shorts v4,Apparel,SportRetail Pro,116.72,9.2,80.0,3.6,566,SR-APP-0039,False,53,México,Ciudad de México,Sports Chain,Jaime Cazares,SportRetail Pro Training Shorts v4,México,Distributor,cancelled,9.2,9571.039999999999,Medio,2024,1,3,Marzo,2024-03,0,1,True,True,0.0,0.0,OK,True
85,77,2024-03-13,cancelled,Distributor,2,2,42,AthletX Track Jacket v2,Apparel,95.62,30.0,21.3,AthletX Track Jacket v2,Apparel,AthletX,95.62,21.3,258.0,3.7,62,SR-APP-0042,False,53,México,Ciudad de México,Sports Chain,Jaime Cazares,AthletX Track Jacket v2,México,Distributor,cancelled,21.3,2868.6000000000004,Medio,2024,1,3,Marzo,2024-03,0,1,True,True,0.0,0.0,OK,True
86,95,2024-12-15,cancelled,Direct Sales,6,1,82,UrbanSport Gym Bag v2,Accessories,72.61,53.0,8.7,UrbanSport Gym Bag v2,Accessories,UrbanSport,72.61,8.7,219.0,4.2,80,SR-ACC-0082,False,39,Chile,Concepción,Independent,Andrés Palma,UrbanSport Gym Bag v2,Chile,Direct Sales,cancelled,8.7,3848.33,Medio,2024,4,12,Diciembre,2024-12,0,1,True,True,0.0,0.0,OK,True
86,95,2024-12-15,cancelled,Direct Sales,6,2,63,AthletX Sport Backpack v3,Accessories,62.48,105.0,0.1,AthletX Sport Backpack v3,Accessories,AthletX,62.48,0.1,384.0,4.7,119,SR-ACC-0063,False,39,Chile,Concepción,Independent,Andrés Palma,AthletX Sport Backpack v3,Chile,Direct Sales,cancelled,0.1,6560.4,Medio,2024,4,12,Diciembre,2024-12,0,1,True,True,0.0,0.0,OK,True
86,95,2024-12-15,cancelled,Direct Sales,6,3,74,UrbanSport Cap v4,Accessories,55.15,19.0,0.7,UrbanSport Cap v4,Accessories,UrbanSport,55.15,0.7,329.0,3.6,482,SR-ACC-0074,False,39,Chile,Concepción,Independent,Andrés Palma,UrbanSport Cap v4,Chile,Direct Sales,cancelled,0.7,1047.85,Medio,2024,4,12,Diciembre,2024-12,0,1,True,True,0.0,0.0,OK,True
86,95,2024-12-15,cancelled,Direct Sales,6,4,101,SpeedMax Yoga Mat v1,Equipment,42.67,30.0,5.8,SpeedMax Yoga Mat v1,Equipment,SpeedMax,42.67,5.8,361.0,3.2,474,SR-EQU-0101,False,39,Chile,Concepción,Independent,Andrés Palma,SpeedMax Yoga Mat v1,Chile,Direct Sales,cancelled,5.8,1280.1000000000001,Económico,2024,4,12,Diciembre,2024-12,0,1,True,True,0.0,0.0,OK,True
86,95,2024-12-15,cancelled,Direct Sales,6,5,32,PowerEdge Performance T-Shirt v2,Apparel,129.5,74.0,13.9,PowerEdge Performance T-Shirt v2,Apparel,PowerEdge,129.5,13.9,367.0,3.7,204,SR-APP-0032,False,39,Chile,Concepción,Independent,Andrés Palma,PowerEdge Performance T-Shirt v2,Chile,Direct Sales,cancelled,13.9,9583.0,Medio,2024,4,12,Diciembre,2024-12,0,1,True,True,0.0,0.0,OK,True
86,95,2024-12-15,cancelled,Direct Sales,6,6,42,AthletX Track Jacket v2,Apparel,95.62,103.0,21.3,AthletX Track Jacket v2,Apparel,AthletX,95.62,21.3,258.0,3.7,62,SR-APP-0042,False,39,Chile,Concepción,Independent,Andrés Palma,AthletX Track Jacket v2,Chile,Direct Sales,cancelled,21.3,9848.86,Medio,2024,4,12,Diciembre,2024-12,0,1,True,True,0.0,0.0,OK,True
87,57,2024-05-08,shipped,Direct Sales,3,1,107,CoreFit Foam Roller v2,Equipment,69.74,109.0,19.1,CoreFit Foam Roller v2,Equipment,CoreFit,69.74,19.1,89.0,3.7,677,SR-EQU-0107,False,41,México,Monterrey,Superstore,Margarita Pedroza,CoreFit Foam Roller v2,México,Direct Sales,shipped,19.1,7601.66,Medio,2024,2,5,Mayo,2024-05,0,0,True,True,0.0,0.0,OK,True
87,57,2024-05-08,shipped,Direct Sales,3,2,89,SpeedMax Sport Socks v4,Accessories,73.43,106.0,2.3,SpeedMax Sport Socks v4,Accessories,SpeedMax,73.43,2.3,113.0,3.5,259,SR-ACC-0089,False,41,México,Monterrey,Superstore,Margarita Pedroza,SpeedMax Sport Socks v4,México,Direct Sales,shipped,2.3,7783.580000000001,Medio,2024,2,5,Mayo,2024-05,0,0,True,True,0.0,0.0,OK,True
87,57,2024-05-08,shipped,Direct Sales,3,3,9,AthletX Basketball Shoes v4,Footwear,175.18,68.0,6.1,AthletX Basketball Shoes v4,Footwear,AthletX,175.18,6.1,236.0,3.4,665,SR-FOO-0009,False,41,México,Monterrey,Superstore,Margarita Pedroza,AthletX Basketball Shoes v4,México,Direct Sales,shipped,6.1,11912.24,Medio,2024,2,5,Mayo,2024-05,0,0,True,True,0.0,0.0,OK,True
88,92,2024-06-23,delivered,E-commerce B2B,4,1,102,CoreFit Yoga Mat v2,Equipment,89.84,81.0,15.6,CoreFit Yoga Mat v2,Equipment,CoreFit,89.84,15.6,338.0,4.5,212,SR-EQU-0102,False,50,Colombia,Barranquilla,Superstore,Wilmer González,CoreFit Yoga Mat v2,Colombia,E-commerce B2B,delivered,15.6,7277.04,Medio,2024,2,6,Junio,2024-06,1,0,True,True,0.0,0.0,OK,True
88,92,2024-06-23,delivered,E-commerce B2B,4,2,49,AthletX Compression Tights v4,Apparel,49.35,56.0,19.7,AthletX Compression Tights v4,Apparel,AthletX,49.35,19.7,55.0,3.5,49,SR-APP-0049,False,50,Colombia,Barranquilla,Superstore,Wilmer González,AthletX Compression Tights v4,Colombia,E-commerce B2B,delivered,19.7,2763.6,Económico,2024,2,6,Junio,2024-06,1,0,True,True,0.0,0.0,OK,True
88,92,2024-06-23,delivered,E-commerce B2B,4,3,10,CoreFit Basketball Shoes v5,Footwear,244.64,116.0,19.4,CoreFit Basketball Shoes v5,Footwear,CoreFit,244.64,19.4,117.0,4.6,333,SR-FOO-0010,False,50,Colombia,Barranquilla,Superstore,Wilmer González,CoreFit Basketball Shoes v5,Colombia,E-commerce B2B,delivered,19.4,28378.239999999998,Premium,2024,2,6,Junio,2024-06,1,0,True,True,0.0,0.0,Revenue extremo por IQR,True
88,92,2024-06-23,delivered,E-commerce B2B,4,4,58,AthletX Sports Bra v3,Apparel,87.71,74.0,7.5,AthletX Sports Bra v3,Apparel,AthletX,87.71,7.5,280.0,4.6,321,SR-APP-0058,False,50,Colombia,Barranquilla,Superstore,Wilmer González,AthletX Sports Bra v3,Colombia,E-commerce B2B,delivered,7.5,6490.54,Medio,2024,2,6,Junio,2024-06,1,0,True,True,0.0,0.0,OK,True
89,77,2024-01-04,shipped,E-commerce B2B,6,1,118,UrbanSport Agility Ladder v3,Equipment,109.9,90.0,12.2,UrbanSport Agility Ladder v3,Equipment,UrbanSport,109.9,12.2,76.0,3.6,505,SR-EQU-0118,False,53,México,Ciudad de México,Sports Chain,Jaime Cazares,UrbanSport Agility Ladder v3,México,E-commerce B2B,shipped,12.2,9891.0,Medio,2024,1,1,Enero,2024-01,0,0,True,True,0.0,0.0,OK,True
89,77,2024-01-04,shipped,E-commerce B2B,6,2,11,UrbanSport Training Shoes v1,Footwear,252.18,87.0,7.9,UrbanSport Training Shoes v1,Footwear,UrbanSport,252.18,7.9,335.0,3.7,668,SR-FOO-0011,False,53,México,Ciudad de México,Sports Chain,Jaime Cazares,UrbanSport Training Shoes v1,México,E-commerce B2B,shipped,7.9,21939.66,Premium,2024,1,1,Enero,2024-01,0,0,True,True,0.0,0.0,Revenue extremo por IQR,True
89,77,2024-01-04,shipped,E-commerce B2B,6,3,14,SpeedMax Training Shoes v4,Footwear,189.19,77.0,9.6,SpeedMax Training Shoes v4,Footwear,SpeedMax,189.19,9.6,305.0,5.0,551,SR-FOO-0014,False,53,México,Ciudad de México,Sports Chain,Jaime Cazares,SpeedMax Training Shoes v4,México,E-commerce B2B,shipped,9.6,14567.63,Medio,2024,1,1,Enero,2024-01,0,0,True,True,0.0,0.0,OK,True
89,77,2024-01-04,shipped,E-commerce B2B,6,4,99,CoreFit Jump Rope v4,Equipment,69.02,91.0,1.5,CoreFit Jump Rope v4,Equipment,CoreFit,69.02,1.5,491.0,4.4,791,SR-EQU-0099,False,53,México,Ciudad de México,Sports Chain,Jaime Cazares,CoreFit Jump Rope v4,México,E-commerce B2B,shipped,1.5,6280.82,Medio,2024,1,1,Enero,2024-01,0,0,True,True,0.0,0.0,OK,True
89,77,2024-01-04,shipped,E-commerce B2B,6,5,32,PowerEdge Performance T-Shirt v2,Apparel,129.5,101.0,13.9,PowerEdge Performance T-Shirt v2,Apparel,PowerEdge,129.5,13.9,367.0,3.7,204,SR-APP-0032,False,53,México,Ciudad de México,Sports Chain,Jaime Cazares,PowerEdge Performance T-Shirt v2,México,E-commerce B2B,shipped,13.9,13079.5,Medio,2024,1,1,Enero,2024-01,0,0,True,True,0.0,0.0,OK,True
89,77,2024-01-04,shipped,E-commerce B2B,6,6,85,PowerEdge Gym Bag v5,Accessories,57.4,106.0,8.1,PowerEdge Gym Bag v5,Accessories,PowerEdge,57.4,8.1,125.0,4.6,98,SR-ACC-0085,False,53,México,Ciudad de México,Sports Chain,Jaime Cazares,PowerEdge Gym Bag v5,México,E-commerce B2B,shipped,8.1,6084.4,Medio,2024,1,1,Enero,2024-01,0,0,True,True,0.0,0.0,OK,True
90,96,2024-05-14,cancelled,Direct Sales,5,1,72,UrbanSport Cap v2,Accessories,81.82,62.0,12.2,UrbanSport Cap v2,Accessories,UrbanSport,81.82,12.2,139.0,3.6,39,SR-ACC-0072,False,26,Chile,Temuco,Online Retailer,Sofía Muñoz,UrbanSport Cap v2,Chile,Direct Sales,cancelled,12.2,5072.839999999999,Medio,2024,2,5,Mayo,2024-05,0,1,True,True,0.0,0.0,OK,True
90,96,2024-05-14,cancelled,Direct Sales,5,2,75,CoreFit Cap v5,Accessories,26.93,64.0,8.2,CoreFit Cap v5,Accessories,CoreFit,26.93,8.2,389.0,4.7,294,SR-ACC-0075,False,26,Chile,Temuco,Online Retailer,Sofía Muñoz,CoreFit Cap v5,Chile,Direct Sales,cancelled,8.2,1723.52,Económico,2024,2,5,Mayo,2024-05,0,1,True,True,0.0,0.0,OK,True
90,96,2024-05-14,cancelled,Direct Sales,5,3,89,SpeedMax Sport Socks v4,Accessories,73.43,80.0,2.3,SpeedMax Sport Socks v4,Accessories,SpeedMax,73.43,2.3,113.0,3.5,259,SR-ACC-0089,False,26,Chile,Temuco,Online Retailer,Sofía Muñoz,SpeedMax Sport Socks v4,Chile,Direct Sales,cancelled,2.3,5874.400000000001,Medio,2024,2,5,Mayo,2024-05,0,1,True,True,0.0,0.0,OK,True
90,96,2024-05-14,cancelled,Direct Sales,5,4,74,UrbanSport Cap v4,Accessories,55.15,24.0,0.7,UrbanSport Cap v4,Accessories,UrbanSport,55.15,0.7,329.0,3.6,482,SR-ACC-0074,False,26,Chile,Temuco,Online Retailer,Sofía Muñoz,UrbanSport Cap v4,Chile,Direct Sales,cancelled,0.7,1323.6,Medio,2024,2,5,Mayo,2024-05,0,1,True,True,0.0,0.0,OK,True
90,96,2024-05-14,cancelled,Direct Sales,5,5,29,SportRetail Pro Tennis Shoes v4,Footwear,154.7,8.0,21.5,SportRetail Pro Tennis Shoes v4,Footwear,SportRetail Pro,154.7,21.5,281.0,2.7,677,SR-FOO-0029,False,26,Chile,Temuco,Online Retailer,Sofía Muñoz,SportRetail Pro Tennis Shoes v4,Chile,Direct Sales,cancelled,21.5,1237.6,Medio,2024,2,5,Mayo,2024-05,0,1,True,True,0.0,0.0,OK,True
91,15,2024-06-21,confirmed,Direct Sales,6,1,19,SportRetail Pro Slides v4,Footwear,264.05,31.0,22.0,SportRetail Pro Slides v4,Footwear,SportRetail Pro,264.05,22.0,425.0,4.5,255,SR-FOO-0019,False,42,México,Tijuana,Sports Chain,Perla Luna,SportRetail Pro Slides v4,México,Direct Sales,confirmed,22.0,8185.55,Premium,2024,2,6,Junio,2024-06,0,0,True,True,0.0,0.0,OK,True
91,15,2024-06-21,confirmed,Direct Sales,6,2,45,CoreFit Track Jacket v5,Apparel,84.08,49.0,3.7,CoreFit Track Jacket v5,Apparel,CoreFit,84.08,3.7,65.0,2.6,383,SR-APP-0045,False,42,México,Tijuana,Sports Chain,Perla Luna,CoreFit Track Jacket v5,México,Direct Sales,confirmed,3.7,4119.92,Medio,2024,2,6,Junio,2024-06,0,0,True,True,0.0,0.0,OK,True
91,15,2024-06-21,confirmed,Direct Sales,6,3,40,PowerEdge Training Shorts v5,Apparel,78.18,61.0,16.7,PowerEdge Training Shorts v5,Apparel,PowerEdge,78.18,16.7,283.0,3.2,689,SR-APP-0040,False,42,México,Tijuana,Sports Chain,Perla Luna,PowerEdge Training Shorts v5,México,Direct Sales,confirmed,16.7,4768.9800000000005,Medio,2024,2,6,Junio,2024-06,0,0,True,True,0.0,0.0,OK,True
91,15,2024-06-21,confirmed,Direct Sales,6,4,44,PowerEdge Track Jacket v4,Apparel,67.05,62.0,0.2,PowerEdge Track Jacket v4,Apparel,PowerEdge,67.05,0.2,38.0,4.9,717,SR-APP-0044,False,42,México,Tijuana,Sports Chain,Perla Luna,PowerEdge Track Jacket v4,México,Direct Sales,confirmed,0.2,4157.099999999999,Medio,2024,2,6,Junio,2024-06,0,0,True,True,0.0,0.0,OK,True
91,15,2024-06-21,confirmed,Direct Sales,6,5,59,UrbanSport Sports Bra v4,Apparel,86.73,43.0,8.1,UrbanSport Sports Bra v4,Apparel,UrbanSport,86.73,8.1,226.0,3.6,228,SR-APP-0059,False,42,México,Tijuana,Sports Chain,Perla Luna,UrbanSport Sports Bra v4,México,Direct Sales,confirmed,8.1,3729.3900000000003,Medio,2024,2,6,Junio,2024-06,0,0,True,True,0.0,0.0,OK,True
91,15,2024-06-21,confirmed,Direct Sales,6,6,101,SpeedMax Yoga Mat v1,Equipment,42.67,95.0,5.8,SpeedMax Yoga Mat v1,Equipment,SpeedMax,42.67,5.8,361.0,3.2,474,SR-EQU-0101,False,42,México,Tijuana,Sports Chain,Perla Luna,SpeedMax Yoga Mat v1,México,Direct Sales,confirmed,5.8,4053.65,Económico,2024,2,6,Junio,2024-06,0,0,True,True,0.0,0.0,OK,True
92,95,2024-08-08,delivered,E-commerce B2B,2,1,67,AthletX Water Bottle v2,Accessories,77.19,75.0,6.9,AthletX Water Bottle v2,Accessories,AthletX,77.19,6.9,398.0,3.8,651,SR-ACC-0067,False,39,Chile,Concepción,Independent,Andrés Palma,AthletX Water Bottle v2,Chile,E-commerce B2B,delivered,6.9,5789.25,Medio,2024,3,8,Agosto,2024-08,1,0,True,True,0.0,0.0,OK,True
92,95,2024-08-08,delivered,E-commerce B2B,2,2,23,SpeedMax Football Boots v3,Footwear,82.23,76.0,5.6,SpeedMax Football Boots v3,Footwear,SpeedMax,82.23,5.6,173.0,2.6,577,SR-FOO-0023,False,39,Chile,Concepción,Independent,Andrés Palma,SpeedMax Football Boots v3,Chile,E-commerce B2B,delivered,5.6,6249.4800000000005,Medio,2024,3,8,Agosto,2024-08,1,0,True,True,0.0,0.0,OK,True
93,24,2024-04-15,delivered,Distributor,2,1,82,UrbanSport Gym Bag v2,Accessories,72.61,60.0,8.7,UrbanSport Gym Bag v2,Accessories,UrbanSport,72.61,8.7,219.0,4.2,80,SR-ACC-0082,False,28,Chile,Concepción,Independent,Héctor Cáceres,UrbanSport Gym Bag v2,Chile,Distributor,delivered,8.7,4356.6,Medio,2024,2,4,Abril,2024-04,1,0,True,True,0.0,0.0,OK,True
93,24,2024-04-15,delivered,Distributor,2,2,85,PowerEdge Gym Bag v5,Accessories,57.4,99.0,8.1,PowerEdge Gym Bag v5,Accessories,PowerEdge,57.4,8.1,125.0,4.6,98,SR-ACC-0085,False,28,Chile,Concepción,Independent,Héctor Cáceres,PowerEdge Gym Bag v5,Chile,Distributor,delivered,8.1,5682.599999999999,Medio,2024,2,4,Abril,2024-04,1,0,True,True,0.0,0.0,OK,True
94,1,2024-11-11,delivered,E-commerce B2B,6,1,28,SportRetail Pro Tennis Shoes v3,Footwear,110.95,106.0,4.8,SportRetail Pro Tennis Shoes v3,Footwear,SportRetail Pro,110.95,4.8,229.0,2.9,197,SR-FOO-0028,False,44,Argentina,Tucumán,Sports Chain,Valentino Gomez,SportRetail Pro Tennis Shoes v3,Argentina,E-commerce B2B,delivered,4.8,11760.7,Medio,2024,4,11,Noviembre,2024-11,1,0,True,True,0.0,0.0,OK,True
94,1,2024-11-11,delivered,E-commerce B2B,6,2,27,PowerEdge Tennis Shoes v2,Footwear,67.19,18.0,16.3,PowerEdge Tennis Shoes v2,Footwear,PowerEdge,67.19,16.3,330.0,2.7,422,SR-FOO-0027,False,44,Argentina,Tucumán,Sports Chain,Valentino Gomez,PowerEdge Tennis Shoes v2,Argentina,E-commerce B2B,delivered,16.3,1209.42,Medio,2024,4,11,Noviembre,2024-11,1,0,True,True,0.0,0.0,OK,True
94,1,2024-11-11,delivered,E-commerce B2B,6,3,36,PowerEdge Training Shorts v1,Apparel,84.2,73.0,13.1,PowerEdge Training Shorts v1,Apparel,PowerEdge,84.2,13.1,478.0,3.2,695,SR-APP-0036,False,44,Argentina,Tucumán,Sports Chain,Valentino Gomez,PowerEdge Training Shorts v1,Argentina,E-commerce B2B,delivered,13.1,6146.6,Medio,2024,4,11,Noviembre,2024-11,1,0,True,True,0.0,0.0,OK,True
94,1,2024-11-11,delivered,E-commerce B2B,6,4,97,UrbanSport Jump Rope v2,Equipment,105.17,46.0,2.1,UrbanSport Jump Rope v2,Equipment,UrbanSport,105.17,2.1,127.0,2.8,792,SR-EQU-0097,False,44,Argentina,Tucumán,Sports Chain,Valentino Gomez,UrbanSport Jump Rope v2,Argentina,E-commerce B2B,delivered,2.1,4837.82,Medio,2024,4,11,Noviembre,2024-11,1,0,True,True,0.0,0.0,OK,True
94,1,2024-11-11,delivered,E-commerce B2B,6,5,91,CoreFit Resistance Bands v1,Equipment,36.9,19.0,18.0,CoreFit Resistance Bands v1,Equipment,CoreFit,36.9,18.0,161.0,2.8,558,SR-EQU-0091,False,44,Argentina,Tucumán,Sports Chain,Valentino Gomez,CoreFit Resistance Bands v1,Argentina,E-commerce B2B,delivered,18.0,701.1,Económico,2024,4,11,Noviembre,2024-11,1,0,True,True,0.0,0.0,OK,True
94,1,2024-11-11,delivered,E-commerce B2B,6,6,104,UrbanSport Yoga Mat v4,Equipment,102.51,115.0,11.0,UrbanSport Yoga Mat v4,Equipment,UrbanSport,102.51,11.0,239.0,4.2,726,SR-EQU-0104,False,44,Argentina,Tucumán,Sports Chain,Valentino Gomez,UrbanSport Yoga Mat v4,Argentina,E-commerce B2B,delivered,11.0,11788.650000000001,Medio,2024,4,11,Noviembre,2024-11,1,0,True,True,0.0,0.0,OK,True
95,51,2024-04-10,confirmed,Distributor,5,1,15,SportRetail Pro Training Shoes v5,Footwear,208.06,84.0,2.9,SportRetail Pro Training Shoes v5,Footwear,SportRetail Pro,208.06,2.9,453.0,3.8,283,SR-FOO-0015,False,45,Colombia,Cali,Online Retailer,Luz Villamizar,SportRetail Pro Training Shoes v5,Colombia,Distributor,confirmed,2.9,17477.04,Premium,2024,2,4,Abril,2024-04,0,0,True,True,0.0,0.0,Revenue extremo por IQR,True
95,51,2024-04-10,confirmed,Distributor,5,2,45,CoreFit Track Jacket v5,Apparel,84.08,91.0,3.7,CoreFit Track Jacket v5,Apparel,CoreFit,84.08,3.7,65.0,2.6,383,SR-APP-0045,False,45,Colombia,Cali,Online Retailer,Luz Villamizar,CoreFit Track Jacket v5,Colombia,Distributor,confirmed,3.7,7651.28,Medio,2024,2,4,Abril,2024-04,0,0,True,True,0.0,0.0,OK,True
95,51,2024-04-10,confirmed,Distributor,5,3,46,SportRetail Pro Compression Tights v1,Apparel,118.88,43.0,5.3,SportRetail Pro Compression Tights v1,Apparel,SportRetail Pro,118.88,5.3,127.0,4.2,372,SR-APP-0046,False,45,Colombia,Cali,Online Retailer,Luz Villamizar,SportRetail Pro Compression Tights v1,Colombia,Distributor,confirmed,5.3,5111.84,Medio,2024,2,4,Abril,2024-04,0,0,True,True,0.0,0.0,OK,True
95,51,2024-04-10,confirmed,Distributor,5,4,109,SportRetail Pro Foam Roller v4,Equipment,96.48,80.0,8.2,SportRetail Pro Foam Roller v4,Equipment,SportRetail Pro,96.48,8.2,355.0,3.7,688,SR-EQU-0109,False,45,Colombia,Cali,Online Retailer,Luz Villamizar,SportRetail Pro Foam Roller v4,Colombia,Distributor,confirmed,8.2,7718.400000000001,Medio,2024,2,4,Abril,2024-04,0,0,True,True,0.0,0.0,OK,True
95,51,2024-04-10,confirmed,Distributor,5,5,59,UrbanSport Sports Bra v4,Apparel,86.73,22.0,8.1,UrbanSport Sports Bra v4,Apparel,UrbanSport,86.73,8.1,226.0,3.6,228,SR-APP-0059,False,45,Colombia,Cali,Online Retailer,Luz Villamizar,UrbanSport Sports Bra v4,Colombia,Distributor,confirmed,8.1,1908.0600000000002,Medio,2024,2,4,Abril,2024-04,0,0,True,True,0.0,0.0,OK,True
96,89,2024-03-16,delivered,E-commerce B2B,2,1,66,UrbanSport Water Bottle v1,Accessories,44.14,58.0,22.7,UrbanSport Water Bottle v1,Accessories,UrbanSport,44.14,22.7,228.0,4.7,771,SR-ACC-0066,False,31,Argentina,Rosario,Sports Chain,Tomas Benjamin Fernandez,UrbanSport Water Bottle v1,Argentina,E-commerce B2B,delivered,22.7,2560.12,Económico,2024,1,3,Marzo,2024-03,1,0,True,True,0.0,0.0,OK,True
96,89,2024-03-16,delivered,E-commerce B2B,2,2,50,SpeedMax Compression Tights v5,Apparel,58.46,78.0,20.5,SpeedMax Compression Tights v5,Apparel,SpeedMax,58.46,20.5,446.0,3.1,34,SR-APP-0050,False,31,Argentina,Rosario,Sports Chain,Tomas Benjamin Fernandez,SpeedMax Compression Tights v5,Argentina,E-commerce B2B,delivered,20.5,4559.88,Medio,2024,1,3,Marzo,2024-03,1,0,True,True,0.0,0.0,OK,True
97,83,2024-08-20,confirmed,Distributor,2,1,72,UrbanSport Cap v2,Accessories,81.82,67.0,12.2,UrbanSport Cap v2,Accessories,UrbanSport,81.82,12.2,139.0,3.6,39,SR-ACC-0072,False,51,Argentina,Córdoba,Independent,Maximo Fernandez,UrbanSport Cap v2,Argentina,Distributor,confirmed,12.2,5481.94,Medio,2024,3,8,Agosto,2024-08,0,0,True,True,0.0,0.0,OK,True
97,83,2024-08-20,confirmed,Distributor,2,2,22,PowerEdge Football Boots v2,Footwear,210.22,28.0,17.8,PowerEdge Football Boots v2,Footwear,PowerEdge,210.22,17.8,204.0,5.0,675,SR-FOO-0022,False,51,Argentina,Córdoba,Independent,Maximo Fernandez,PowerEdge Football Boots v2,Argentina,Distributor,confirmed,17.8,5886.16,Premium,2024,3,8,Agosto,2024-08,0,0,True,True,0.0,0.0,OK,True
98,2,2024-03-03,delivered,Direct Sales,4,1,18,CoreFit Slides v3,Footwear,226.56,76.0,13.5,CoreFit Slides v3,Footwear,CoreFit,226.56,13.5,398.0,4.8,10,SR-FOO-0018,False,38,Colombia,Cartagena,Sports Chain,Rafael Pérez,CoreFit Slides v3,Colombia,Direct Sales,delivered,13.5,17218.56,Premium,2024,1,3,Marzo,2024-03,1,0,True,True,0.0,0.0,Revenue extremo por IQR,True
98,2,2024-03-03,delivered,Direct Sales,4,2,25,PowerEdge Football Boots v5,Footwear,164.22,68.0,13.5,PowerEdge Football Boots v5,Footwear,PowerEdge,164.22,13.5,370.0,4.8,594,SR-FOO-0025,False,38,Colombia,Cartagena,Sports Chain,Rafael Pérez,PowerEdge Football Boots v5,Colombia,Direct Sales,delivered,13.5,11166.96,Medio,2024,1,3,Marzo,2024-03,1,0,True,True,0.0,0.0,OK,True
98,2,2024-03-03,delivered,Direct Sales,4,3,105,UrbanSport Yoga Mat v5,Equipment,61.91,67.0,2.0,UrbanSport Yoga Mat v5,Equipment,UrbanSport,61.91,2.0,20.0,4.7,762,SR-EQU-0105,False,38,Colombia,Cartagena,Sports Chain,Rafael Pérez,UrbanSport Yoga Mat v5,Colombia,Direct Sales,delivered,2.0,4147.969999999999,Medio,2024,1,3,Marzo,2024-03,1,0,True,True,0.0,0.0,OK,True
98,2,2024-03-03,delivered,Direct Sales,4,4,50,SpeedMax Compression Tights v5,Apparel,58.46,112.0,20.5,SpeedMax Compression Tights v5,Apparel,SpeedMax,58.46,20.5,446.0,3.1,34,SR-APP-0050,False,38,Colombia,Cartagena,Sports Chain,Rafael Pérez,SpeedMax Compression Tights v5,Colombia,Direct Sales,delivered,20.5,6547.52,Medio,2024,1,3,Marzo,2024-03,1,0,True,True,0.0,0.0,OK,True
99,38,2024-03-25,delivered,E-commerce B2B,1,1,36,PowerEdge Training Shorts v1,Apparel,84.2,33.0,13.1,PowerEdge Training Shorts v1,Apparel,PowerEdge,84.2,13.1,478.0,3.2,695,SR-APP-0036,False,28,México,Tijuana,Sports Chain,Bernardo Cruz,PowerEdge Training Shorts v1,México,E-commerce B2B,delivered,13.1,2778.6,Medio,2024,1,3,Marzo,2024-03,1,0,True,True,0.0,0.0,OK,True
100,99,2024-12-15,delivered,Distributor,4,1,71,CoreFit Cap v1,Accessories,33.89,19.0,9.7,CoreFit Cap v1,Accessories,CoreFit,33.89,9.7,456.0,4.9,439,SR-ACC-0071,False,51,Perú,Cusco,Department Store,Ignacia Ariza,CoreFit Cap v1,Perú,Distributor,delivered,9.7,643.91,Económico,2024,4,12,Diciembre,2024-12,1,0,True,True,0.0,0.0,OK,True
100,99,2024-12-15,delivered,Distributor,4,2,66,UrbanSport Water Bottle v1,Accessories,44.14,74.0,22.7,UrbanSport Water Bottle v1,Accessories,UrbanSport,44.14,22.7,228.0,4.7,771,SR-ACC-0066,False,51,Perú,Cusco,Department Store,Ignacia Ariza,UrbanSport Water Bottle v1,Perú,Distributor,delivered,22.7,3266.36,Económico,2024,4,12,Diciembre,2024-12,1,0,True,True,0.0,0.0,OK,True
100,99,2024-12-15,delivered,Distributor,4,3,15,SportRetail Pro Training Shoes v5,Footwear,208.06,51.0,2.9,SportRetail Pro Training Shoes v5,Footwear,SportRetail Pro,208.06,2.9,453.0,3.8,283,SR-FOO-0015,False,51,Perú,Cusco,Department Store,Ignacia Ariza,SportRetail Pro Training Shoes v5,Perú,Distributor,delivered,2.9,10611.06,Premium,2024,4,12,Diciembre,2024-12,1,0,True,True,0.0,0.0,OK,True
100,99,2024-12-15,delivered,Distributor,4,4,74,UrbanSport Cap v4,Accessories,55.15,101.0,0.7,UrbanSport Cap v4,Accessories,UrbanSport,55.15,0.7,329.0,3.6,482,SR-ACC-0074,False,51,Perú,Cusco,Department Store,Ignacia Ariza,UrbanSport Cap v4,Perú,Distributor,delivered,0.7,5570.15,Medio,2024,4,12,Diciembre,2024-12,1,0,True,True,0.0,0.0,OK,True
101,14,2024-06-28,delivered,E-commerce B2B,6,1,107,CoreFit Foam Roller v2,Equipment,69.74,9.0,19.1,CoreFit Foam Roller v2,Equipment,CoreFit,69.74,19.1,89.0,3.7,677,SR-EQU-0107,False,36,Perú,Lima,Superstore,Maximiano Belmonte,CoreFit Foam Roller v2,Perú,E-commerce B2B,delivered,19.1,627.66,Medio,2024,2,6,Junio,2024-06,1,0,True,True,0.0,0.0,OK,True
101,14,2024-06-28,delivered,E-commerce B2B,6,2,84,PowerEdge Gym Bag v4,Accessories,51.74,49.0,16.3,PowerEdge Gym Bag v4,Accessories,PowerEdge,51.74,16.3,315.0,4.5,561,SR-ACC-0084,False,36,Perú,Lima,Superstore,Maximiano Belmonte,PowerEdge Gym Bag v4,Perú,E-commerce B2B,delivered,16.3,2535.26,Medio,2024,2,6,Junio,2024-06,1,0,True,True,0.0,0.0,OK,True
101,14,2024-06-28,delivered,E-commerce B2B,6,3,97,UrbanSport Jump Rope v2,Equipment,105.17,16.0,2.1,UrbanSport Jump Rope v2,Equipment,UrbanSport,105.17,2.1,127.0,2.8,792,SR-EQU-0097,False,36,Perú,Lima,Superstore,Maximiano Belmonte,UrbanSport Jump Rope v2,Perú,E-commerce B2B,delivered,2.1,1682.72,Medio,2024,2,6,Junio,2024-06,1,0,True,True,0.0,0.0,OK,True
101,14,2024-06-28,delivered,E-commerce B2B,6,4,32,PowerEdge Performance T-Shirt v2,Apparel,129.5,20.0,13.9,PowerEdge Performance T-Shirt v2,Apparel,PowerEdge,129.5,13.9,367.0,3.7,204,SR-APP-0032,False,36,Perú,Lima,Superstore,Maximiano Belmonte,PowerEdge Performance T-Shirt v2,Perú,E-commerce B2B,delivered,13.9,2590.0,Medio,2024,2,6,Junio,2024-06,1,0,True,True,0.0,0.0,OK,True
101,14,2024-06-28,delivered,E-commerce B2B,6,5,39,SportRetail Pro Training Shorts v4,Apparel,116.72,35.0,9.2,SportRetail Pro Training Shorts v4,Apparel,SportRetail Pro,116.72,9.2,80.0,3.6,566,SR-APP-0039,False,36,Perú,Lima,Superstore,Maximiano Belmonte,SportRetail Pro Training Shorts v4,Perú,E-commerce B2B,delivered,9.2,4085.2,Medio,2024,2,6,Junio,2024-06,1,0,True,True,0.0,0.0,OK,True
101,14,2024-06-28,delivered,E-commerce B2B,6,6,112,PowerEdge Training Gloves v2,Equipment,56.99,99.0,1.3,PowerEdge Training Gloves v2,Equipment,PowerEdge,56.99,1.3,136.0,3.9,304,SR-EQU-0112,False,36,Perú,Lima,Superstore,Maximiano Belmonte,PowerEdge Training Gloves v2,Perú,E-commerce B2B,delivered,1.3,5642.01,Medio,2024,2,6,Junio,2024-06,1,0,True,True,0.0,0.0,OK,True
102,55,2024-10-12,delivered,E-commerce B2B,2,1,79,UrbanSport Headband v4,Accessories,87.1,105.0,18.0,UrbanSport Headband v4,Accessories,UrbanSport,87.1,18.0,398.0,,328,SR-ACC-0079,False,43,Perú,Piura,Online Retailer,Ramona Pedrero,UrbanSport Headband v4,Perú,E-commerce B2B,delivered,18.0,9145.5,Medio,2024,4,10,Octubre,2024-10,1,0,True,True,0.0,0.0,Calificación nula,True
102,55,2024-10-12,delivered,E-commerce B2B,2,2,18,CoreFit Slides v3,Footwear,226.56,31.0,13.5,CoreFit Slides v3,Footwear,CoreFit,226.56,13.5,398.0,4.8,10,SR-FOO-0018,False,43,Perú,Piura,Online Retailer,Ramona Pedrero,CoreFit Slides v3,Perú,E-commerce B2B,delivered,13.5,7023.36,Premium,2024,4,10,Octubre,2024-10,1,0,True,True,0.0,0.0,OK,True
103,69,2024-09-22,delivered,Direct Sales,2,1,42,AthletX Track Jacket v2,Apparel,95.62,42.0,21.3,AthletX Track Jacket v2,Apparel,AthletX,95.62,21.3,258.0,3.7,62,SR-APP-0042,False,25,Chile,Valparaíso,Independent,Paz Navarro,AthletX Track Jacket v2,Chile,Direct Sales,delivered,21.3,4016.04,Medio,2024,3,9,Septiembre,2024-09,1,0,True,True,0.0,0.0,OK,True
103,69,2024-09-22,delivered,Direct Sales,2,2,91,CoreFit Resistance Bands v1,Equipment,36.9,39.0,18.0,CoreFit Resistance Bands v1,Equipment,CoreFit,36.9,18.0,161.0,2.8,558,SR-EQU-0091,False,25,Chile,Valparaíso,Independent,Paz Navarro,CoreFit Resistance Bands v1,Chile,Direct Sales,delivered,18.0,1439.1,Económico,2024,3,9,Septiembre,2024-09,1,0,True,True,0.0,0.0,OK,True
104,97,2024-11-13,delivered,E-commerce B2B,4,1,118,UrbanSport Agility Ladder v3,Equipment,109.9,88.0,12.2,UrbanSport Agility Ladder v3,Equipment,UrbanSport,109.9,12.2,76.0,3.6,505,SR-EQU-0118,False,25,Colombia,Bogotá,Independent,Karen Martínez,UrbanSport Agility Ladder v3,Colombia,E-commerce B2B,delivered,12.2,9671.2,Medio,2024,4,11,Noviembre,2024-11,1,0,True,True,0.0,0.0,OK,True
104,97,2024-11-13,delivered,E-commerce B2B,4,2,8,CoreFit Basketball Shoes v3,Footwear,91.6,115.0,8.9,CoreFit Basketball Shoes v3,Footwear,CoreFit,91.6,8.9,343.0,3.2,709,SR-FOO-0008,False,25,Colombia,Bogotá,Independent,Karen Martínez,CoreFit Basketball Shoes v3,Colombia,E-commerce B2B,delivered,8.9,10534.0,Medio,2024,4,11,Noviembre,2024-11,1,0,True,True,0.0,0.0,OK,True
104,97,2024-11-13,delivered,E-commerce B2B,4,3,36,PowerEdge Training Shorts v1,Apparel,84.2,23.0,13.1,PowerEdge Training Shorts v1,Apparel,PowerEdge,84.2,13.1,478.0,3.2,695,SR-APP-0036,False,25,Colombia,Bogotá,Independent,Karen Martínez,PowerEdge Training Shorts v1,Colombia,E-commerce B2B,delivered,13.1,1936.6000000000001,Medio,2024,4,11,Noviembre,2024-11,1,0,True,True,0.0,0.0,OK,True
104,97,2024-11-13,delivered,E-commerce B2B,4,4,111,SportRetail Pro Training Gloves v1,Equipment,77.48,111.0,13.6,SportRetail Pro Training Gloves v1,Equipment,SportRetail Pro,77.48,13.6,211.0,2.6,540,SR-EQU-0111,False,25,Colombia,Bogotá,Independent,Karen Martínez,SportRetail Pro Training Gloves v1,Colombia,E-commerce B2B,delivered,13.6,8600.28,Medio,2024,4,11,Noviembre,2024-11,1,0,True,True,0.0,0.0,OK,True
105,81,2024-12-09,delivered,Distributor,3,1,81,PowerEdge Gym Bag v1,Accessories,29.43,62.0,17.4,PowerEdge Gym Bag v1,Accessories,PowerEdge,29.43,17.4,154.0,4.6,624,SR-ACC-0081,False,49,Perú,Trujillo,Online Retailer,Edelmira Sosa,PowerEdge Gym Bag v1,Perú,Distributor,delivered,17.4,1824.66,Económico,2024,4,12,Diciembre,2024-12,1,0,True,True,0.0,0.0,OK,True
105,81,2024-12-09,delivered,Distributor,3,2,54,SpeedMax Football Jersey v4,Apparel,118.95,106.0,4.8,SpeedMax Football Jersey v4,Apparel,SpeedMax,118.95,4.8,22.0,4.3,11,SR-APP-0054,False,49,Perú,Trujillo,Online Retailer,Edelmira Sosa,SpeedMax Football Jersey v4,Perú,Distributor,delivered,4.8,12608.7,Medio,2024,4,12,Diciembre,2024-12,1,0,True,True,0.0,0.0,OK,True
105,81,2024-12-09,delivered,Distributor,3,3,49,AthletX Compression Tights v4,Apparel,49.35,16.0,19.7,AthletX Compression Tights v4,Apparel,AthletX,49.35,19.7,55.0,3.5,49,SR-APP-0049,False,49,Perú,Trujillo,Online Retailer,Edelmira Sosa,AthletX Compression Tights v4,Perú,Distributor,delivered,19.7,789.6,Económico,2024,4,12,Diciembre,2024-12,1,0,True,True,0.0,0.0,OK,True
106,59,2024-02-26,delivered,Direct Sales,4,1,42,AthletX Track Jacket v2,Apparel,95.62,104.0,21.3,AthletX Track Jacket v2,Apparel,AthletX,95.62,21.3,258.0,3.7,62,SR-APP-0042,False,28,Colombia,Medellín,Superstore,Francisco Beltrán,AthletX Track Jacket v2,Colombia,Direct Sales,delivered,21.3,9944.48,Medio,2024,1,2,Febrero,2024-02,1,0,True,True,0.0,0.0,OK,True
106,59,2024-02-26,delivered,Direct Sales,4,2,75,CoreFit Cap v5,Accessories,26.93,16.0,8.2,CoreFit Cap v5,Accessories,CoreFit,26.93,8.2,389.0,4.7,294,SR-ACC-0075,False,28,Colombia,Medellín,Superstore,Francisco Beltrán,CoreFit Cap v5,Colombia,Direct Sales,delivered,8.2,430.88,Económico,2024,1,2,Febrero,2024-02,1,0,True,True,0.0,0.0,OK,True
106,59,2024-02-26,delivered,Direct Sales,4,3,1,PowerEdge Running Shoes v1,Footwear,80.05,63.0,18.5,PowerEdge Running Shoes v1,Footwear,PowerEdge,80.05,18.5,125.0,3.1,764,SR-FOO-0001,False,28,Colombia,Medellín,Superstore,Francisco Beltrán,PowerEdge Running Shoes v1,Colombia,Direct Sales,delivered,18.5,5043.15,Medio,2024,1,2,Febrero,2024-02,1,0,True,True,0.0,0.0,OK,True
106,59,2024-02-26,delivered,Direct Sales,4,4,112,PowerEdge Training Gloves v2,Equipment,56.99,94.0,1.3,PowerEdge Training Gloves v2,Equipment,PowerEdge,56.99,1.3,136.0,3.9,304,SR-EQU-0112,False,28,Colombia,Medellín,Superstore,Francisco Beltrán,PowerEdge Training Gloves v2,Colombia,Direct Sales,delivered,1.3,5357.06,Medio,2024,1,2,Febrero,2024-02,1,0,True,True,0.0,0.0,OK,True
107,55,2024-03-19,delivered,Distributor,2,1,64,PowerEdge Sport Backpack v4,Accessories,51.44,46.0,1.3,PowerEdge Sport Backpack v4,Accessories,PowerEdge,51.44,1.3,127.0,4.8,134,SR-ACC-0064,False,43,Perú,Piura,Online Retailer,Ramona Pedrero,PowerEdge Sport Backpack v4,Perú,Distributor,delivered,1.3,2366.24,Medio,2024,1,3,Marzo,2024-03,1,0,True,True,0.0,0.0,OK,True
107,55,2024-03-19,delivered,Distributor,2,2,35,AthletX Performance T-Shirt v5,Apparel,64.42,48.0,23.5,AthletX Performance T-Shirt v5,Apparel,AthletX,64.42,23.5,,3.1,618,SR-APP-0035,False,43,Perú,Piura,Online Retailer,Ramona Pedrero,AthletX Performance T-Shirt v5,Perú,Distributor,delivered,23.5,3092.16,Medio,2024,1,3,Marzo,2024-03,1,0,True,True,0.0,0.0,Inventario nulo,True
108,88,2024-08-01,confirmed,Direct Sales,1,1,6,SpeedMax Basketball Shoes v1,Footwear,72.73,17.0,7.3,SpeedMax Basketball Shoes v1,Footwear,SpeedMax,72.73,7.3,321.0,4.0,380,SR-FOO-0006,False,34,México,Tijuana,Independent,Cristina Palomo,SpeedMax Basketball Shoes v1,México,Direct Sales,confirmed,7.3,1236.41,Medio,2024,3,8,Agosto,2024-08,0,0,True,True,0.0,0.0,OK,True
109,57,2024-02-12,delivered,E-commerce B2B,4,1,1,PowerEdge Running Shoes v1,Footwear,80.05,21.0,18.5,PowerEdge Running Shoes v1,Footwear,PowerEdge,80.05,18.5,125.0,3.1,764,SR-FOO-0001,False,41,México,Monterrey,Superstore,Margarita Pedroza,PowerEdge Running Shoes v1,México,E-commerce B2B,delivered,18.5,1681.05,Medio,2024,1,2,Febrero,2024-02,1,0,True,True,0.0,0.0,OK,True
109,57,2024-02-12,delivered,E-commerce B2B,4,2,55,PowerEdge Football Jersey v5,Apparel,99.14,43.0,18.5,PowerEdge Football Jersey v5,Apparel,PowerEdge,99.14,18.5,343.0,3.0,451,SR-APP-0055,False,41,México,Monterrey,Superstore,Margarita Pedroza,PowerEdge Football Jersey v5,México,E-commerce B2B,delivered,18.5,4263.02,Medio,2024,1,2,Febrero,2024-02,1,0,True,True,0.0,0.0,OK,True
109,57,2024-02-12,delivered,E-commerce B2B,4,3,26,SpeedMax Tennis Shoes v1,Footwear,236.69,117.0,4.8,SpeedMax Tennis Shoes v1,Footwear,SpeedMax,236.69,4.8,49.0,4.1,372,SR-FOO-0026,False,41,México,Monterrey,Superstore,Margarita Pedroza,SpeedMax Tennis Shoes v1,México,E-commerce B2B,delivered,4.8,27692.73,Premium,2024,1,2,Febrero,2024-02,1,0,True,True,0.0,0.0,Revenue extremo por IQR,True
109,57,2024-02-12,delivered,E-commerce B2B,4,4,89,SpeedMax Sport Socks v4,Accessories,73.43,88.0,2.3,SpeedMax Sport Socks v4,Accessories,SpeedMax,73.43,2.3,113.0,3.5,259,SR-ACC-0089,False,41,México,Monterrey,Superstore,Margarita Pedroza,SpeedMax Sport Socks v4,México,E-commerce B2B,delivered,2.3,6461.84,Medio,2024,1,2,Febrero,2024-02,1,0,True,True,0.0,0.0,OK,True
110,22,2024-12-25,shipped,E-commerce B2B,1,1,51,CoreFit Football Jersey v1,Apparel,115.08,85.0,24.2,CoreFit Football Jersey v1,Apparel,CoreFit,115.08,24.2,142.0,3.4,531,SR-APP-0051,False,39,México,Puebla,Independent,Eloisa Olivo,CoreFit Football Jersey v1,México,E-commerce B2B,shipped,24.2,9781.8,Medio,2024,4,12,Diciembre,2024-12,0,0,True,True,0.0,0.0,OK,True
111,12,2024-04-13,confirmed,Direct Sales,6,1,13,AthletX Training Shoes v3,Footwear,169.64,80.0,2.3,AthletX Training Shoes v3,Footwear,AthletX,169.64,2.3,24.0,4.7,166,SR-FOO-0013,False,38,Colombia,Bogotá,Online Retailer,Eder Murillo,AthletX Training Shoes v3,Colombia,Direct Sales,confirmed,2.3,13571.199999999999,Medio,2024,2,4,Abril,2024-04,0,0,True,True,0.0,0.0,OK,True
111,12,2024-04-13,confirmed,Direct Sales,6,2,1,PowerEdge Running Shoes v1,Footwear,80.05,92.0,18.5,PowerEdge Running Shoes v1,Footwear,PowerEdge,80.05,18.5,125.0,3.1,764,SR-FOO-0001,False,38,Colombia,Bogotá,Online Retailer,Eder Murillo,PowerEdge Running Shoes v1,Colombia,Direct Sales,confirmed,18.5,7364.599999999999,Medio,2024,2,4,Abril,2024-04,0,0,True,True,0.0,0.0,OK,True
111,12,2024-04-13,confirmed,Direct Sales,6,3,28,SportRetail Pro Tennis Shoes v3,Footwear,110.95,6.0,4.8,SportRetail Pro Tennis Shoes v3,Footwear,SportRetail Pro,110.95,4.8,229.0,2.9,197,SR-FOO-0028,False,38,Colombia,Bogotá,Online Retailer,Eder Murillo,SportRetail Pro Tennis Shoes v3,Colombia,Direct Sales,confirmed,4.8,665.7,Medio,2024,2,4,Abril,2024-04,0,0,True,True,0.0,0.0,OK,True
111,12,2024-04-13,confirmed,Direct Sales,6,4,62,SportRetail Pro Sport Backpack v2,Accessories,46.43,109.0,22.2,SportRetail Pro Sport Backpack v2,Accessories,SportRetail Pro,46.43,22.2,294.0,3.0,723,SR-ACC-0062,False,38,Colombia,Bogotá,Online Retailer,Eder Murillo,SportRetail Pro Sport Backpack v2,Colombia,Direct Sales,confirmed,22.2,5060.87,Económico,2024,2,4,Abril,2024-04,0,0,True,True,0.0,0.0,OK,True
111,12,2024-04-13,confirmed,Direct Sales,6,5,10,CoreFit Basketball Shoes v5,Footwear,244.64,115.0,19.4,CoreFit Basketball Shoes v5,Footwear,CoreFit,244.64,19.4,117.0,4.6,333,SR-FOO-0010,False,38,Colombia,Bogotá,Online Retailer,Eder Murillo,CoreFit Basketball Shoes v5,Colombia,Direct Sales,confirmed,19.4,28133.6,Premium,2024,2,4,Abril,2024-04,0,0,True,True,0.0,0.0,Revenue extremo por IQR,True
111,12,2024-04-13,confirmed,Direct Sales,6,6,17,AthletX Slides v2,Footwear,169.23,21.0,2.7,AthletX Slides v2,Footwear,AthletX,169.23,2.7,320.0,3.2,664,SR-FOO-0017,False,38,Colombia,Bogotá,Online Retailer,Eder Murillo,AthletX Slides v2,Colombia,Direct Sales,confirmed,2.7,3553.83,Medio,2024,2,4,Abril,2024-04,0,0,True,True,0.0,0.0,OK,True
112,14,2024-11-05,confirmed,E-commerce B2B,3,1,48,SpeedMax Compression Tights v3,Apparel,22.73,22.0,18.4,SpeedMax Compression Tights v3,Apparel,SpeedMax,22.73,18.4,170.0,4.5,431,SR-APP-0048,False,36,Perú,Lima,Superstore,Maximiano Belmonte,SpeedMax Compression Tights v3,Perú,E-commerce B2B,confirmed,18.4,500.06,Económico,2024,4,11,Noviembre,2024-11,0,0,True,True,0.0,0.0,OK,True
112,14,2024-11-05,confirmed,E-commerce B2B,3,2,113,SportRetail Pro Training Gloves v3,Equipment,17.74,109.0,15.8,SportRetail Pro Training Gloves v3,Equipment,SportRetail Pro,17.74,15.8,409.0,,172,SR-EQU-0113,False,36,Perú,Lima,Superstore,Maximiano Belmonte,SportRetail Pro Training Gloves v3,Perú,E-commerce B2B,confirmed,15.8,1933.6599999999999,Económico,2024,4,11,Noviembre,2024-11,0,0,True,True,0.0,0.0,Calificación nula,True
112,14,2024-11-05,confirmed,E-commerce B2B,3,3,39,SportRetail Pro Training Shorts v4,Apparel,116.72,22.0,9.2,SportRetail Pro Training Shorts v4,Apparel,SportRetail Pro,116.72,9.2,80.0,3.6,566,SR-APP-0039,False,36,Perú,Lima,Superstore,Maximiano Belmonte,SportRetail Pro Training Shorts v4,Perú,E-commerce B2B,confirmed,9.2,2567.84,Medio,2024,4,11,Noviembre,2024-11,0,0,True,True,0.0,0.0,OK,True
113,2,2024-02-19,delivered,Distributor,5,1,84,PowerEdge Gym Bag v4,Accessories,51.74,32.0,16.3,PowerEdge Gym Bag v4,Accessories,PowerEdge,51.74,16.3,315.0,4.5,561,SR-ACC-0084,False,38,Colombia,Cartagena,Sports Chain,Rafael Pérez,PowerEdge Gym Bag v4,Colombia,Distributor,delivered,16.3,1655.68,Medio,2024,1,2,Febrero,2024-02,1,0,True,True,0.0,0.0,OK,True
113,2,2024-02-19,delivered,Distributor,5,2,22,PowerEdge Football Boots v2,Footwear,210.22,24.0,17.8,PowerEdge Football Boots v2,Footwear,PowerEdge,210.22,17.8,204.0,5.0,675,SR-FOO-0022,False,38,Colombia,Cartagena,Sports Chain,Rafael Pérez,PowerEdge Football Boots v2,Colombia,Distributor,delivered,17.8,5045.28,Premium,2024,1,2,Febrero,2024-02,1,0,True,True,0.0,0.0,OK,True
113,2,2024-02-19,delivered,Distributor,5,3,57,CoreFit Sports Bra v2,Apparel,64.26,83.0,7.4,CoreFit Sports Bra v2,Apparel,CoreFit,64.26,7.4,65.0,3.0,690,SR-APP-0057,False,38,Colombia,Cartagena,Sports Chain,Rafael Pérez,CoreFit Sports Bra v2,Colombia,Distributor,delivered,7.4,5333.580000000001,Medio,2024,1,2,Febrero,2024-02,1,0,True,True,0.0,0.0,OK,True
113,2,2024-02-19,delivered,Distributor,5,4,45,CoreFit Track Jacket v5,Apparel,84.08,115.0,3.7,CoreFit Track Jacket v5,Apparel,CoreFit,84.08,3.7,65.0,2.6,383,SR-APP-0045,False,38,Colombia,Cartagena,Sports Chain,Rafael Pérez,CoreFit Track Jacket v5,Colombia,Distributor,delivered,3.7,9669.199999999999,Medio,2024,1,2,Febrero,2024-02,1,0,True,True,0.0,0.0,OK,True
113,2,2024-02-19,delivered,Distributor,5,5,93,SportRetail Pro Resistance Bands v3,Equipment,94.1,119.0,7.4,SportRetail Pro Resistance Bands v3,Equipment,SportRetail Pro,94.1,7.4,184.0,2.9,24,SR-EQU-0093,False,38,Colombia,Cartagena,Sports Chain,Rafael Pérez,SportRetail Pro Resistance Bands v3,Colombia,Distributor,delivered,7.4,11197.9,Medio,2024,1,2,Febrero,2024-02,1,0,True,True,0.0,0.0,OK,True
114,55,2024-05-25,cancelled,Direct Sales,3,1,102,CoreFit Yoga Mat v2,Equipment,89.84,40.0,15.6,CoreFit Yoga Mat v2,Equipment,CoreFit,89.84,15.6,338.0,4.5,212,SR-EQU-0102,False,43,Perú,Piura,Online Retailer,Ramona Pedrero,CoreFit Yoga Mat v2,Perú,Direct Sales,cancelled,15.6,3593.6000000000004,Medio,2024,2,5,Mayo,2024-05,0,1,True,True,0.0,0.0,OK,True
114,55,2024-05-25,cancelled,Direct Sales,3,2,18,CoreFit Slides v3,Footwear,226.56,36.0,13.5,CoreFit Slides v3,Footwear,CoreFit,226.56,13.5,398.0,4.8,10,SR-FOO-0018,False,43,Perú,Piura,Online Retailer,Ramona Pedrero,CoreFit Slides v3,Perú,Direct Sales,cancelled,13.5,8156.16,Premium,2024,2,5,Mayo,2024-05,0,1,True,True,0.0,0.0,OK,True
114,55,2024-05-25,cancelled,Direct Sales,3,3,32,PowerEdge Performance T-Shirt v2,Apparel,129.5,81.0,13.9,PowerEdge Performance T-Shirt v2,Apparel,PowerEdge,129.5,13.9,367.0,3.7,204,SR-APP-0032,False,43,Perú,Piura,Online Retailer,Ramona Pedrero,PowerEdge Performance T-Shirt v2,Perú,Direct Sales,cancelled,13.9,10489.5,Medio,2024,2,5,Mayo,2024-05,0,1,True,True,0.0,0.0,OK,True
115,85,2024-04-16,shipped,Direct Sales,3,1,27,PowerEdge Tennis Shoes v2,Footwear,67.19,70.0,16.3,PowerEdge Tennis Shoes v2,Footwear,PowerEdge,67.19,16.3,330.0,2.7,422,SR-FOO-0027,False,47,Colombia,Barranquilla,Online Retailer,Lucía Barrios,PowerEdge Tennis Shoes v2,Colombia,Direct Sales,shipped,16.3,4703.3,Medio,2024,2,4,Abril,2024-04,0,0,True,True,0.0,0.0,OK,True
115,85,2024-04-16,shipped,Direct Sales,3,2,67,AthletX Water Bottle v2,Accessories,77.19,55.0,6.9,AthletX Water Bottle v2,Accessories,AthletX,77.19,6.9,398.0,3.8,651,SR-ACC-0067,False,47,Colombia,Barranquilla,Online Retailer,Lucía Barrios,AthletX Water Bottle v2,Colombia,Direct Sales,shipped,6.9,4245.45,Medio,2024,2,4,Abril,2024-04,0,0,True,True,0.0,0.0,OK,True
115,85,2024-04-16,shipped,Direct Sales,3,3,78,SpeedMax Headband v3,Accessories,63.56,11.0,14.1,SpeedMax Headband v3,Accessories,SpeedMax,63.56,14.1,111.0,3.7,272,SR-ACC-0078,False,47,Colombia,Barranquilla,Online Retailer,Lucía Barrios,SpeedMax Headband v3,Colombia,Direct Sales,shipped,14.1,699.1600000000001,Medio,2024,2,4,Abril,2024-04,0,0,True,True,0.0,0.0,OK,True
116,64,2024-10-03,confirmed,Direct Sales,6,1,77,PowerEdge Headband v2,Accessories,13.22,45.0,0.8,PowerEdge Headband v2,Accessories,PowerEdge,13.22,0.8,126.0,3.0,30,SR-ACC-0077,False,44,Argentina,Rosario,Sports Chain,Catalina Dominguez,PowerEdge Headband v2,Argentina,Direct Sales,confirmed,0.8,594.9,Económico,2024,4,10,Octubre,2024-10,0,0,True,True,0.0,0.0,OK,True
116,64,2024-10-03,confirmed,Direct Sales,6,2,10,CoreFit Basketball Shoes v5,Footwear,244.64,115.0,19.4,CoreFit Basketball Shoes v5,Footwear,CoreFit,244.64,19.4,117.0,4.6,333,SR-FOO-0010,False,44,Argentina,Rosario,Sports Chain,Catalina Dominguez,CoreFit Basketball Shoes v5,Argentina,Direct Sales,confirmed,19.4,28133.6,Premium,2024,4,10,Octubre,2024-10,0,0,True,True,0.0,0.0,Revenue extremo por IQR,True
116,64,2024-10-03,confirmed,Direct Sales,6,3,68,PowerEdge Water Bottle v3,Accessories,32.86,58.0,6.8,PowerEdge Water Bottle v3,Accessories,PowerEdge,32.86,6.8,163.0,4.7,92,SR-ACC-0068,False,44,Argentina,Rosario,Sports Chain,Catalina Dominguez,PowerEdge Water Bottle v3,Argentina,Direct Sales,confirmed,6.8,1905.8799999999999,Económico,2024,4,10,Octubre,2024-10,0,0,True,True,0.0,0.0,OK,True
116,64,2024-10-03,confirmed,Direct Sales,6,4,114,SpeedMax Training Gloves v4,Equipment,23.85,92.0,24.8,SpeedMax Training Gloves v4,Equipment,SpeedMax,23.85,24.8,467.0,2.8,130,SR-EQU-0114,False,44,Argentina,Rosario,Sports Chain,Catalina Dominguez,SpeedMax Training Gloves v4,Argentina,Direct Sales,confirmed,24.8,2194.2000000000003,Económico,2024,4,10,Octubre,2024-10,0,0,True,True,0.0,0.0,OK,True
116,64,2024-10-03,confirmed,Direct Sales,6,5,2,UrbanSport Running Shoes v2,Footwear,74.56,65.0,10.5,UrbanSport Running Shoes v2,Footwear,UrbanSport,74.56,10.5,15.0,,248,SR-FOO-0002,False,44,Argentina,Rosario,Sports Chain,Catalina Dominguez,UrbanSport Running Shoes v2,Argentina,Direct Sales,confirmed,10.5,4846.400000000001,Medio,2024,4,10,Octubre,2024-10,0,0,True,True,0.0,0.0,Calificación nula,True
116,64,2024-10-03,confirmed,Direct Sales,6,6,47,SpeedMax Compression Tights v2,Apparel,127.12,103.0,18.7,SpeedMax Compression Tights v2,Apparel,SpeedMax,127.12,18.7,473.0,4.8,176,SR-APP-0047,False,44,Argentina,Rosario,Sports Chain,Catalina Dominguez,SpeedMax Compression Tights v2,Argentina,Direct Sales,confirmed,18.7,13093.36,Medio,2024,4,10,Octubre,2024-10,0,0,True,True,0.0,0.0,OK,True
117,6,2024-11-23,delivered,Distributor,1,1,102,CoreFit Yoga Mat v2,Equipment,89.84,55.0,15.6,CoreFit Yoga Mat v2,Equipment,CoreFit,89.84,15.6,338.0,4.5,212,SR-EQU-0102,False,30,Chile,Valparaíso,Independent,Roxana Jara,CoreFit Yoga Mat v2,Chile,Distributor,delivered,15.6,4941.2,Medio,2024,4,11,Noviembre,2024-11,1,0,True,True,0.0,0.0,OK,True
118,55,2024-11-21,confirmed,E-commerce B2B,6,1,52,UrbanSport Football Jersey v2,Apparel,56.43,40.0,0.7,UrbanSport Football Jersey v2,Apparel,UrbanSport,56.43,0.7,449.0,4.9,192,SR-APP-0052,False,43,Perú,Piura,Online Retailer,Ramona Pedrero,UrbanSport Football Jersey v2,Perú,E-commerce B2B,confirmed,0.7,2257.2,Medio,2024,4,11,Noviembre,2024-11,0,0,True,True,0.0,0.0,OK,True
118,55,2024-11-21,confirmed,E-commerce B2B,6,2,11,UrbanSport Training Shoes v1,Footwear,252.18,15.0,7.9,UrbanSport Training Shoes v1,Footwear,UrbanSport,252.18,7.9,335.0,3.7,668,SR-FOO-0011,False,43,Perú,Piura,Online Retailer,Ramona Pedrero,UrbanSport Training Shoes v1,Perú,E-commerce B2B,confirmed,7.9,3782.7000000000003,Premium,2024,4,11,Noviembre,2024-11,0,0,True,True,0.0,0.0,OK,True
118,55,2024-11-21,confirmed,E-commerce B2B,6,3,82,UrbanSport Gym Bag v2,Accessories,72.61,31.0,8.7,UrbanSport Gym Bag v2,Accessories,UrbanSport,72.61,8.7,219.0,4.2,80,SR-ACC-0082,False,43,Perú,Piura,Online Retailer,Ramona Pedrero,UrbanSport Gym Bag v2,Perú,E-commerce B2B,confirmed,8.7,2250.91,Medio,2024,4,11,Noviembre,2024-11,0,0,True,True,0.0,0.0,OK,True
118,55,2024-11-21,confirmed,E-commerce B2B,6,4,69,PowerEdge Water Bottle v4,Accessories,22.22,24.0,5.3,PowerEdge Water Bottle v4,Accessories,PowerEdge,22.22,5.3,212.0,3.5,565,SR-ACC-0069,False,43,Perú,Piura,Online Retailer,Ramona Pedrero,PowerEdge Water Bottle v4,Perú,E-commerce B2B,confirmed,5.3,533.28,Económico,2024,4,11,Noviembre,2024-11,0,0,True,True,0.0,0.0,OK,True
118,55,2024-11-21,confirmed,E-commerce B2B,6,5,79,UrbanSport Headband v4,Accessories,87.1,55.0,18.0,UrbanSport Headband v4,Accessories,UrbanSport,87.1,18.0,398.0,,328,SR-ACC-0079,False,43,Perú,Piura,Online Retailer,Ramona Pedrero,UrbanSport Headband v4,Perú,E-commerce B2B,confirmed,18.0,4790.5,Medio,2024,4,11,Noviembre,2024-11,0,0,True,True,0.0,0.0,Calificación nula,True
118,55,2024-11-21,confirmed,E-commerce B2B,6,6,20,SportRetail Pro Slides v5,Footwear,74.27,102.0,12.1,SportRetail Pro Slides v5,Footwear,SportRetail Pro,74.27,12.1,35.0,4.9,555,SR-FOO-0020,False,43,Perú,Piura,Online Retailer,Ramona Pedrero,SportRetail Pro Slides v5,Perú,E-commerce B2B,confirmed,12.1,7575.54,Medio,2024,4,11,Noviembre,2024-11,0,0,True,True,0.0,0.0,OK,True
119,56,2024-03-16,cancelled,E-commerce B2B,6,1,109,SportRetail Pro Foam Roller v4,Equipment,96.48,60.0,8.2,SportRetail Pro Foam Roller v4,Equipment,SportRetail Pro,96.48,8.2,355.0,3.7,688,SR-EQU-0109,False,49,México,Monterrey,Department Store,Víctor Pacheco,SportRetail Pro Foam Roller v4,México,E-commerce B2B,cancelled,8.2,5788.8,Medio,2024,1,3,Marzo,2024-03,0,1,True,True,0.0,0.0,OK,True
119,56,2024-03-16,cancelled,E-commerce B2B,6,2,31,SportRetail Pro Performance T-Shirt v1,Apparel,38.11,83.0,0.1,SportRetail Pro Performance T-Shirt v1,Apparel,SportRetail Pro,38.11,0.1,199.0,3.2,475,SR-APP-0031,False,49,México,Monterrey,Department Store,Víctor Pacheco,SportRetail Pro Performance T-Shirt v1,México,E-commerce B2B,cancelled,0.1,3163.13,Económico,2024,1,3,Marzo,2024-03,0,1,True,True,0.0,0.0,OK,True
119,56,2024-03-16,cancelled,E-commerce B2B,6,3,8,CoreFit Basketball Shoes v3,Footwear,91.6,44.0,8.9,CoreFit Basketball Shoes v3,Footwear,CoreFit,91.6,8.9,343.0,3.2,709,SR-FOO-0008,False,49,México,Monterrey,Department Store,Víctor Pacheco,CoreFit Basketball Shoes v3,México,E-commerce B2B,cancelled,8.9,4030.3999999999996,Medio,2024,1,3,Marzo,2024-03,0,1,True,True,0.0,0.0,OK,True
119,56,2024-03-16,cancelled,E-commerce B2B,6,4,32,PowerEdge Performance T-Shirt v2,Apparel,129.5,89.0,13.9,PowerEdge Performance T-Shirt v2,Apparel,PowerEdge,129.5,13.9,367.0,3.7,204,SR-APP-0032,False,49,México,Monterrey,Department Store,Víctor Pacheco,PowerEdge Performance T-Shirt v2,México,E-commerce B2B,cancelled,13.9,11525.5,Medio,2024,1,3,Marzo,2024-03,0,1,True,True,0.0,0.0,OK,True
119,56,2024-03-16,cancelled,E-commerce B2B,6,5,12,AthletX Training Shoes v2,Footwear,222.62,,13.5,AthletX Training Shoes v2,Footwear,AthletX,222.62,13.5,382.0,4.0,607,SR-FOO-0012,False,49,México,Monterrey,Department Store,Víctor Pacheco,AthletX Training Shoes v2,México,E-commerce B2B,cancelled,13.5,,Premium,2024,1,3,Marzo,2024-03,0,1,True,True,0.0,0.0,Cantidad nula,False
119,56,2024-03-16,cancelled,E-commerce B2B,6,6,119,UrbanSport Agility Ladder v4,Equipment,50.83,22.0,23.3,UrbanSport Agility Ladder v4,Equipment,UrbanSport,50.83,23.3,445.0,3.0,724,SR-EQU-0119,False,49,México,Monterrey,Department Store,Víctor Pacheco,UrbanSport Agility Ladder v4,México,E-commerce B2B,cancelled,23.3,1118.26,Medio,2024,1,3,Marzo,2024-03,0,1,True,True,0.0,0.0,OK,True
120,67,2024-11-03,delivered,E-commerce B2B,6,1,34,UrbanSport Performance T-Shirt v4,Apparel,37.32,116.0,24.0,UrbanSport Performance T-Shirt v4,Apparel,UrbanSport,37.32,24.0,41.0,4.6,80,SR-APP-0034,False,43,Colombia,Barranquilla,Independent,Omar Cortés,UrbanSport Performance T-Shirt v4,Colombia,E-commerce B2B,delivered,24.0,4329.12,Económico,2024,4,11,Noviembre,2024-11,1,0,True,True,0.0,0.0,OK,True
120,67,2024-11-03,delivered,E-commerce B2B,6,2,22,PowerEdge Football Boots v2,Footwear,210.22,118.0,17.8,PowerEdge Football Boots v2,Footwear,PowerEdge,210.22,17.8,204.0,5.0,675,SR-FOO-0022,False,43,Colombia,Barranquilla,Independent,Omar Cortés,PowerEdge Football Boots v2,Colombia,E-commerce B2B,delivered,17.8,24805.96,Premium,2024,4,11,Noviembre,2024-11,1,0,True,True,0.0,0.0,Revenue extremo por IQR,True
120,67,2024-11-03,delivered,E-commerce B2B,6,3,48,SpeedMax Compression Tights v3,Apparel,22.73,120.0,18.4,SpeedMax Compression Tights v3,Apparel,SpeedMax,22.73,18.4,170.0,4.5,431,SR-APP-0048,False,43,Colombia,Barranquilla,Independent,Omar Cortés,SpeedMax Compression Tights v3,Colombia,E-commerce B2B,delivered,18.4,2727.6,Económico,2024,4,11,Noviembre,2024-11,1,0,True,True,0.0,0.0,OK,True
120,67,2024-11-03,delivered,E-commerce B2B,6,4,17,AthletX Slides v2,Footwear,169.23,108.0,2.7,AthletX Slides v2,Footwear,AthletX,169.23,2.7,320.0,3.2,664,SR-FOO-0017,False,43,Colombia,Barranquilla,Independent,Omar Cortés,AthletX Slides v2,Colombia,E-commerce B2B,delivered,2.7,18276.84,Medio,2024,4,11,Noviembre,2024-11,1,0,True,True,0.0,0.0,Revenue extremo por IQR,True
120,67,2024-11-03,delivered,E-commerce B2B,6,5,96,SportRetail Pro Jump Rope v1,Equipment,93.1,72.0,10.0,SportRetail Pro Jump Rope v1,Equipment,SportRetail Pro,93.1,10.0,37.0,3.9,712,SR-EQU-0096,False,43,Colombia,Barranquilla,Independent,Omar Cortés,SportRetail Pro Jump Rope v1,Colombia,E-commerce B2B,delivered,10.0,6703.2,Medio,2024,4,11,Noviembre,2024-11,1,0,True,True,0.0,0.0,OK,True
120,67,2024-11-03,delivered,E-commerce B2B,6,6,100,PowerEdge Jump Rope v5,Equipment,22.71,96.0,6.0,PowerEdge Jump Rope v5,Equipment,PowerEdge,22.71,6.0,282.0,2.7,12,SR-EQU-0100,False,43,Colombia,Barranquilla,Independent,Omar Cortés,PowerEdge Jump Rope v5,Colombia,E-commerce B2B,delivered,6.0,2180.16,Económico,2024,4,11,Noviembre,2024-11,1,0,True,True,0.0,0.0,OK,True
121,47,2024-06-06,shipped,Direct Sales,1,1,64,PowerEdge Sport Backpack v4,Accessories,51.44,114.0,1.3,PowerEdge Sport Backpack v4,Accessories,PowerEdge,51.44,1.3,127.0,4.8,134,SR-ACC-0064,False,28,Colombia,Barranquilla,Department Store,Elvia Sandoval,PowerEdge Sport Backpack v4,Colombia,Direct Sales,shipped,1.3,5864.16,Medio,2024,2,6,Junio,2024-06,0,0,True,True,0.0,0.0,OK,True
122,74,2024-12-21,shipped,Distributor,6,1,93,SportRetail Pro Resistance Bands v3,Equipment,94.1,10.0,7.4,SportRetail Pro Resistance Bands v3,Equipment,SportRetail Pro,94.1,7.4,184.0,2.9,24,SR-EQU-0093,False,36,Colombia,Bogotá,Superstore,Jenny Ospina,SportRetail Pro Resistance Bands v3,Colombia,Distributor,shipped,7.4,941.0,Medio,2024,4,12,Diciembre,2024-12,0,0,True,True,0.0,0.0,OK,True
122,74,2024-12-21,shipped,Distributor,6,2,15,SportRetail Pro Training Shoes v5,Footwear,208.06,6.0,2.9,SportRetail Pro Training Shoes v5,Footwear,SportRetail Pro,208.06,2.9,453.0,3.8,283,SR-FOO-0015,False,36,Colombia,Bogotá,Superstore,Jenny Ospina,SportRetail Pro Training Shoes v5,Colombia,Distributor,shipped,2.9,1248.3600000000001,Premium,2024,4,12,Diciembre,2024-12,0,0,True,True,0.0,0.0,OK,True
122,74,2024-12-21,shipped,Distributor,6,3,30,SportRetail Pro Tennis Shoes v5,Footwear,263.43,65.0,21.2,SportRetail Pro Tennis Shoes v5,Footwear,SportRetail Pro,263.43,21.2,85.0,3.5,502,SR-FOO-0030,False,36,Colombia,Bogotá,Superstore,Jenny Ospina,SportRetail Pro Tennis Shoes v5,Colombia,Distributor,shipped,21.2,17122.95,Premium,2024,4,12,Diciembre,2024-12,0,0,True,True,0.0,0.0,Revenue extremo por IQR,True
122,74,2024-12-21,shipped,Distributor,6,4,95,SportRetail Pro Resistance Bands v5,Equipment,69.54,24.0,11.7,SportRetail Pro Resistance Bands v5,Equipment,SportRetail Pro,69.54,11.7,225.0,3.4,62,SR-EQU-0095,False,36,Colombia,Bogotá,Superstore,Jenny Ospina,SportRetail Pro Resistance Bands v5,Colombia,Distributor,shipped,11.7,1668.96,Medio,2024,4,12,Diciembre,2024-12,0,0,True,True,0.0,0.0,OK,True
122,74,2024-12-21,shipped,Distributor,6,5,66,UrbanSport Water Bottle v1,Accessories,44.14,114.0,22.7,UrbanSport Water Bottle v1,Accessories,UrbanSport,44.14,22.7,228.0,4.7,771,SR-ACC-0066,False,36,Colombia,Bogotá,Superstore,Jenny Ospina,UrbanSport Water Bottle v1,Colombia,Distributor,shipped,22.7,5031.96,Económico,2024,4,12,Diciembre,2024-12,0,0,True,True,0.0,0.0,OK,True
122,74,2024-12-21,shipped,Distributor,6,6,1,PowerEdge Running Shoes v1,Footwear,80.05,107.0,18.5,PowerEdge Running Shoes v1,Footwear,PowerEdge,80.05,18.5,125.0,3.1,764,SR-FOO-0001,False,36,Colombia,Bogotá,Superstore,Jenny Ospina,PowerEdge Running Shoes v1,Colombia,Distributor,shipped,18.5,8565.35,Medio,2024,4,12,Diciembre,2024-12,0,0,True,True,0.0,0.0,OK,True
123,32,2024-09-02,cancelled,Direct Sales,4,1,118,UrbanSport Agility Ladder v3,Equipment,109.9,110.0,12.2,UrbanSport Agility Ladder v3,Equipment,UrbanSport,109.9,12.2,76.0,3.6,505,SR-EQU-0118,False,39,Colombia,Bogotá,Sports Chain,Fernanda Ramos,UrbanSport Agility Ladder v3,Colombia,Direct Sales,cancelled,12.2,12089.0,Medio,2024,3,9,Septiembre,2024-09,0,1,True,True,0.0,0.0,OK,True
123,32,2024-09-02,cancelled,Direct Sales,4,2,93,SportRetail Pro Resistance Bands v3,Equipment,94.1,52.0,7.4,SportRetail Pro Resistance Bands v3,Equipment,SportRetail Pro,94.1,7.4,184.0,2.9,24,SR-EQU-0093,False,39,Colombia,Bogotá,Sports Chain,Fernanda Ramos,SportRetail Pro Resistance Bands v3,Colombia,Direct Sales,cancelled,7.4,4893.2,Medio,2024,3,9,Septiembre,2024-09,0,1,True,True,0.0,0.0,OK,True
123,32,2024-09-02,cancelled,Direct Sales,4,3,41,CoreFit Track Jacket v1,Apparel,32.7,91.0,2.7,CoreFit Track Jacket v1,Apparel,CoreFit,32.7,2.7,283.0,2.9,298,SR-APP-0041,False,39,Colombia,Bogotá,Sports Chain,Fernanda Ramos,CoreFit Track Jacket v1,Colombia,Direct Sales,cancelled,2.7,2975.7000000000003,Económico,2024,3,9,Septiembre,2024-09,0,1,True,True,0.0,0.0,OK,True
123,32,2024-09-02,cancelled,Direct Sales,4,4,35,AthletX Performance T-Shirt v5,Apparel,64.42,27.0,23.5,AthletX Performance T-Shirt v5,Apparel,AthletX,64.42,23.5,,3.1,618,SR-APP-0035,False,39,Colombia,Bogotá,Sports Chain,Fernanda Ramos,AthletX Performance T-Shirt v5,Colombia,Direct Sales,cancelled,23.5,1739.3400000000001,Medio,2024,3,9,Septiembre,2024-09,0,1,True,True,0.0,0.0,Inventario nulo,True
124,60,2024-05-24,delivered,Distributor,3,1,100,PowerEdge Jump Rope v5,Equipment,22.71,46.0,6.0,PowerEdge Jump Rope v5,Equipment,PowerEdge,22.71,6.0,282.0,2.7,12,SR-EQU-0100,False,29,Argentina,Rosario,Superstore,Lautaro Campos,PowerEdge Jump Rope v5,Argentina,Distributor,delivered,6.0,1044.66,Económico,2024,2,5,Mayo,2024-05,1,0,True,True,0.0,0.0,OK,True
124,60,2024-05-24,delivered,Distributor,3,2,109,SportRetail Pro Foam Roller v4,Equipment,96.48,,8.2,SportRetail Pro Foam Roller v4,Equipment,SportRetail Pro,96.48,8.2,355.0,3.7,688,SR-EQU-0109,False,29,Argentina,Rosario,Superstore,Lautaro Campos,SportRetail Pro Foam Roller v4,Argentina,Distributor,delivered,8.2,,Medio,2024,2,5,Mayo,2024-05,1,0,True,True,0.0,0.0,Cantidad nula,False
124,60,2024-05-24,delivered,Distributor,3,3,40,PowerEdge Training Shorts v5,Apparel,78.18,30.0,16.7,PowerEdge Training Shorts v5,Apparel,PowerEdge,78.18,16.7,283.0,3.2,689,SR-APP-0040,False,29,Argentina,Rosario,Superstore,Lautaro Campos,PowerEdge Training Shorts v5,Argentina,Distributor,delivered,16.7,2345.4,Medio,2024,2,5,Mayo,2024-05,1,0,True,True,0.0,0.0,OK,True
125,48,2024-12-01,cancelled,Direct Sales,5,1,64,PowerEdge Sport Backpack v4,Accessories,51.44,120.0,1.3,PowerEdge Sport Backpack v4,Accessories,PowerEdge,51.44,1.3,127.0,4.8,134,SR-ACC-0064,False,35,Perú,Piura,Sports Chain,Anselmo Mayo,PowerEdge Sport Backpack v4,Perú,Direct Sales,cancelled,1.3,6172.799999999999,Medio,2024,4,12,Diciembre,2024-12,0,1,True,True,0.0,0.0,OK,True
125,48,2024-12-01,cancelled,Direct Sales,5,2,99,CoreFit Jump Rope v4,Equipment,69.02,106.0,1.5,CoreFit Jump Rope v4,Equipment,CoreFit,69.02,1.5,491.0,4.4,791,SR-EQU-0099,False,35,Perú,Piura,Sports Chain,Anselmo Mayo,CoreFit Jump Rope v4,Perú,Direct Sales,cancelled,1.5,7316.12,Medio,2024,4,12,Diciembre,2024-12,0,1,True,True,0.0,0.0,OK,True
125,48,2024-12-01,cancelled,Direct Sales,5,3,100,PowerEdge Jump Rope v5,Equipment,22.71,5.0,6.0,PowerEdge Jump Rope v5,Equipment,PowerEdge,22.71,6.0,282.0,2.7,12,SR-EQU-0100,False,35,Perú,Piura,Sports Chain,Anselmo Mayo,PowerEdge Jump Rope v5,Perú,Direct Sales,cancelled,6.0,113.55000000000001,Económico,2024,4,12,Diciembre,2024-12,0,1,True,True,0.0,0.0,OK,True
125,48,2024-12-01,cancelled,Direct Sales,5,4,26,SpeedMax Tennis Shoes v1,Footwear,236.69,8.0,4.8,SpeedMax Tennis Shoes v1,Footwear,SpeedMax,236.69,4.8,49.0,4.1,372,SR-FOO-0026,False,35,Perú,Piura,Sports Chain,Anselmo Mayo,SpeedMax Tennis Shoes v1,Perú,Direct Sales,cancelled,4.8,1893.52,Premium,2024,4,12,Diciembre,2024-12,0,1,True,True,0.0,0.0,OK,True
125,48,2024-12-01,cancelled,Direct Sales,5,5,94,SportRetail Pro Resistance Bands v4,Equipment,107.56,49.0,13.8,SportRetail Pro Resistance Bands v4,Equipment,SportRetail Pro,107.56,13.8,357.0,4.9,663,SR-EQU-0094,False,35,Perú,Piura,Sports Chain,Anselmo Mayo,SportRetail Pro Resistance Bands v4,Perú,Direct Sales,cancelled,13.8,5270.4400000000005,Medio,2024,4,12,Diciembre,2024-12,0,1,True,True,0.0,0.0,OK,True
126,98,2024-09-14,delivered,Distributor,6,1,49,AthletX Compression Tights v4,Apparel,49.35,31.0,19.7,AthletX Compression Tights v4,Apparel,AthletX,49.35,19.7,55.0,3.5,49,SR-APP-0049,False,27,Perú,Lima,Superstore,Chita Rey,AthletX Compression Tights v4,Perú,Distributor,delivered,19.7,1529.8500000000001,Económico,2024,3,9,Septiembre,2024-09,1,0,True,True,0.0,0.0,OK,True
126,98,2024-09-14,delivered,Distributor,6,2,109,SportRetail Pro Foam Roller v4,Equipment,96.48,35.0,8.2,SportRetail Pro Foam Roller v4,Equipment,SportRetail Pro,96.48,8.2,355.0,3.7,688,SR-EQU-0109,False,27,Perú,Lima,Superstore,Chita Rey,SportRetail Pro Foam Roller v4,Perú,Distributor,delivered,8.2,3376.8,Medio,2024,3,9,Septiembre,2024-09,1,0,True,True,0.0,0.0,OK,True
126,98,2024-09-14,delivered,Distributor,6,3,95,SportRetail Pro Resistance Bands v5,Equipment,69.54,12.0,11.7,SportRetail Pro Resistance Bands v5,Equipment,SportRetail Pro,69.54,11.7,225.0,3.4,62,SR-EQU-0095,False,27,Perú,Lima,Superstore,Chita Rey,SportRetail Pro Resistance Bands v5,Perú,Distributor,delivered,11.7,834.48,Medio,2024,3,9,Septiembre,2024-09,1,0,True,True,0.0,0.0,OK,True
126,98,2024-09-14,delivered,Distributor,6,4,94,SportRetail Pro Resistance Bands v4,Equipment,107.56,23.0,13.8,SportRetail Pro Resistance Bands v4,Equipment,SportRetail Pro,107.56,13.8,357.0,4.9,663,SR-EQU-0094,False,27,Perú,Lima,Superstore,Chita Rey,SportRetail Pro Resistance Bands v4,Perú,Distributor,delivered,13.8,2473.88,Medio,2024,3,9,Septiembre,2024-09,1,0,True,True,0.0,0.0,OK,True
126,98,2024-09-14,delivered,Distributor,6,5,40,PowerEdge Training Shorts v5,Apparel,78.18,16.0,16.7,PowerEdge Training Shorts v5,Apparel,PowerEdge,78.18,16.7,283.0,3.2,689,SR-APP-0040,False,27,Perú,Lima,Superstore,Chita Rey,PowerEdge Training Shorts v5,Perú,Distributor,delivered,16.7,1250.88,Medio,2024,3,9,Septiembre,2024-09,1,0,True,True,0.0,0.0,OK,True
126,98,2024-09-14,delivered,Distributor,6,6,14,SpeedMax Training Shoes v4,Footwear,189.19,34.0,9.6,SpeedMax Training Shoes v4,Footwear,SpeedMax,189.19,9.6,305.0,5.0,551,SR-FOO-0014,False,27,Perú,Lima,Superstore,Chita Rey,SpeedMax Training Shoes v4,Perú,Distributor,delivered,9.6,6432.46,Medio,2024,3,9,Septiembre,2024-09,1,0,True,True,0.0,0.0,OK,True
127,59,2024-12-11,shipped,Distributor,6,1,11,UrbanSport Training Shoes v1,Footwear,252.18,109.0,7.9,UrbanSport Training Shoes v1,Footwear,UrbanSport,252.18,7.9,335.0,3.7,668,SR-FOO-0011,False,28,Colombia,Medellín,Superstore,Francisco Beltrán,UrbanSport Training Shoes v1,Colombia,Distributor,shipped,7.9,27487.62,Premium,2024,4,12,Diciembre,2024-12,0,0,True,True,0.0,0.0,Revenue extremo por IQR,True
127,59,2024-12-11,shipped,Distributor,6,2,75,CoreFit Cap v5,Accessories,26.93,80.0,8.2,CoreFit Cap v5,Accessories,CoreFit,26.93,8.2,389.0,4.7,294,SR-ACC-0075,False,28,Colombia,Medellín,Superstore,Francisco Beltrán,CoreFit Cap v5,Colombia,Distributor,shipped,8.2,2154.4,Económico,2024,4,12,Diciembre,2024-12,0,0,True,True,0.0,0.0,OK,True
127,59,2024-12-11,shipped,Distributor,6,3,13,AthletX Training Shoes v3,Footwear,169.64,60.0,2.3,AthletX Training Shoes v3,Footwear,AthletX,169.64,2.3,24.0,4.7,166,SR-FOO-0013,False,28,Colombia,Medellín,Superstore,Francisco Beltrán,AthletX Training Shoes v3,Colombia,Distributor,shipped,2.3,10178.4,Medio,2024,4,12,Diciembre,2024-12,0,0,True,True,0.0,0.0,OK,True
127,59,2024-12-11,shipped,Distributor,6,4,65,PowerEdge Sport Backpack v5,Accessories,52.49,21.0,14.0,PowerEdge Sport Backpack v5,Accessories,PowerEdge,52.49,14.0,162.0,4.9,463,SR-ACC-0065,False,28,Colombia,Medellín,Superstore,Francisco Beltrán,PowerEdge Sport Backpack v5,Colombia,Distributor,shipped,14.0,1102.29,Medio,2024,4,12,Diciembre,2024-12,0,0,True,True,0.0,0.0,OK,True
127,59,2024-12-11,shipped,Distributor,6,5,18,CoreFit Slides v3,Footwear,226.56,38.0,13.5,CoreFit Slides v3,Footwear,CoreFit,226.56,13.5,398.0,4.8,10,SR-FOO-0018,False,28,Colombia,Medellín,Superstore,Francisco Beltrán,CoreFit Slides v3,Colombia,Distributor,shipped,13.5,8609.28,Premium,2024,4,12,Diciembre,2024-12,0,0,True,True,0.0,0.0,OK,True
127,59,2024-12-11,shipped,Distributor,6,6,82,UrbanSport Gym Bag v2,Accessories,72.61,107.0,8.7,UrbanSport Gym Bag v2,Accessories,UrbanSport,72.61,8.7,219.0,4.2,80,SR-ACC-0082,False,28,Colombia,Medellín,Superstore,Francisco Beltrán,UrbanSport Gym Bag v2,Colombia,Distributor,shipped,8.7,7769.2699999999995,Medio,2024,4,12,Diciembre,2024-12,0,0,True,True,0.0,0.0,OK,True
128,30,2024-10-04,confirmed,Direct Sales,1,1,26,SpeedMax Tennis Shoes v1,Footwear,236.69,22.0,4.8,SpeedMax Tennis Shoes v1,Footwear,SpeedMax,236.69,4.8,49.0,4.1,372,SR-FOO-0026,False,35,Chile,Valparaíso,Sports Chain,Sandra Medina,SpeedMax Tennis Shoes v1,Chile,Direct Sales,confirmed,4.8,5207.18,Premium,2024,4,10,Octubre,2024-10,0,0,True,True,0.0,0.0,OK,True
129,58,2024-11-10,delivered,E-commerce B2B,4,1,41,CoreFit Track Jacket v1,Apparel,32.7,50.0,2.7,CoreFit Track Jacket v1,Apparel,CoreFit,32.7,2.7,283.0,2.9,298,SR-APP-0041,False,35,Colombia,Cartagena,Online Retailer,Carmen Lozano,CoreFit Track Jacket v1,Colombia,E-commerce B2B,delivered,2.7,1635.0000000000002,Económico,2024,4,11,Noviembre,2024-11,1,0,True,True,0.0,0.0,OK,True
129,58,2024-11-10,delivered,E-commerce B2B,4,2,53,SportRetail Pro Football Jersey v3,Apparel,31.92,31.0,10.9,SportRetail Pro Football Jersey v3,Apparel,SportRetail Pro,31.92,10.9,373.0,4.5,456,SR-APP-0053,False,35,Colombia,Cartagena,Online Retailer,Carmen Lozano,SportRetail Pro Football Jersey v3,Colombia,E-commerce B2B,delivered,10.9,989.5200000000001,Económico,2024,4,11,Noviembre,2024-11,1,0,True,True,0.0,0.0,OK,True
129,58,2024-11-10,delivered,E-commerce B2B,4,3,16,CoreFit Slides v1,Footwear,152.82,64.0,11.3,CoreFit Slides v1,Footwear,CoreFit,152.82,11.3,488.0,4.3,746,SR-FOO-0016,False,35,Colombia,Cartagena,Online Retailer,Carmen Lozano,CoreFit Slides v1,Colombia,E-commerce B2B,delivered,11.3,9780.48,Medio,2024,4,11,Noviembre,2024-11,1,0,True,True,0.0,0.0,OK,True
129,58,2024-11-10,delivered,E-commerce B2B,4,4,69,PowerEdge Water Bottle v4,Accessories,22.22,20.0,5.3,PowerEdge Water Bottle v4,Accessories,PowerEdge,22.22,5.3,212.0,3.5,565,SR-ACC-0069,False,35,Colombia,Cartagena,Online Retailer,Carmen Lozano,PowerEdge Water Bottle v4,Colombia,E-commerce B2B,delivered,5.3,444.4,Económico,2024,4,11,Noviembre,2024-11,1,0,True,True,0.0,0.0,OK,True
130,78,2024-03-03,delivered,Distributor,1,1,28,SportRetail Pro Tennis Shoes v3,Footwear,110.95,111.0,4.8,SportRetail Pro Tennis Shoes v3,Footwear,SportRetail Pro,110.95,4.8,229.0,2.9,197,SR-FOO-0028,False,46,Colombia,Medellín,Sports Chain,Lucía Navarro,SportRetail Pro Tennis Shoes v3,Colombia,Distributor,delivered,4.8,12315.45,Medio,2024,1,3,Marzo,2024-03,1,0,True,True,0.0,0.0,OK,True
131,51,2024-03-04,confirmed,Direct Sales,5,1,7,SportRetail Pro Basketball Shoes v2,Footwear,203.78,27.0,19.3,SportRetail Pro Basketball Shoes v2,Footwear,SportRetail Pro,203.78,19.3,40.0,4.6,113,SR-FOO-0007,False,45,Colombia,Cali,Online Retailer,Luz Villamizar,SportRetail Pro Basketball Shoes v2,Colombia,Direct Sales,confirmed,19.3,5502.06,Premium,2024,1,3,Marzo,2024-03,0,0,True,True,0.0,0.0,OK,True
131,51,2024-03-04,confirmed,Direct Sales,5,2,87,CoreFit Sport Socks v2,Accessories,37.23,56.0,22.0,CoreFit Sport Socks v2,Accessories,CoreFit,37.23,22.0,,4.7,579,SR-ACC-0087,False,45,Colombia,Cali,Online Retailer,Luz Villamizar,CoreFit Sport Socks v2,Colombia,Direct Sales,confirmed,22.0,2084.8799999999997,Económico,2024,1,3,Marzo,2024-03,0,0,True,True,0.0,0.0,Inventario nulo,True
131,51,2024-03-04,confirmed,Direct Sales,5,3,39,SportRetail Pro Training Shorts v4,Apparel,116.72,76.0,9.2,SportRetail Pro Training Shorts v4,Apparel,SportRetail Pro,116.72,9.2,80.0,3.6,566,SR-APP-0039,False,45,Colombia,Cali,Online Retailer,Luz Villamizar,SportRetail Pro Training Shorts v4,Colombia,Direct Sales,confirmed,9.2,8870.72,Medio,2024,1,3,Marzo,2024-03,0,0,True,True,0.0,0.0,OK,True
131,51,2024-03-04,confirmed,Direct Sales,5,4,34,UrbanSport Performance T-Shirt v4,Apparel,37.32,36.0,24.0,UrbanSport Performance T-Shirt v4,Apparel,UrbanSport,37.32,24.0,41.0,4.6,80,SR-APP-0034,False,45,Colombia,Cali,Online Retailer,Luz Villamizar,UrbanSport Performance T-Shirt v4,Colombia,Direct Sales,confirmed,24.0,1343.52,Económico,2024,1,3,Marzo,2024-03,0,0,True,True,0.0,0.0,OK,True
131,51,2024-03-04,confirmed,Direct Sales,5,5,105,UrbanSport Yoga Mat v5,Equipment,61.91,18.0,2.0,UrbanSport Yoga Mat v5,Equipment,UrbanSport,61.91,2.0,20.0,4.7,762,SR-EQU-0105,False,45,Colombia,Cali,Online Retailer,Luz Villamizar,UrbanSport Yoga Mat v5,Colombia,Direct Sales,confirmed,2.0,1114.3799999999999,Medio,2024,1,3,Marzo,2024-03,0,0,True,True,0.0,0.0,OK,True
132,17,2024-10-09,cancelled,Direct Sales,2,1,106,SportRetail Pro Foam Roller v1,Equipment,36.75,52.0,16.9,SportRetail Pro Foam Roller v1,Equipment,SportRetail Pro,36.75,16.9,440.0,3.9,31,SR-EQU-0106,False,29,Perú,Cusco,Department Store,Cristian Otero,SportRetail Pro Foam Roller v1,Perú,Direct Sales,cancelled,16.9,1911.0,Económico,2024,4,10,Octubre,2024-10,0,1,True,True,0.0,0.0,OK,True
132,17,2024-10-09,cancelled,Direct Sales,2,2,52,UrbanSport Football Jersey v2,Apparel,56.43,87.0,0.7,UrbanSport Football Jersey v2,Apparel,UrbanSport,56.43,0.7,449.0,4.9,192,SR-APP-0052,False,29,Perú,Cusco,Department Store,Cristian Otero,UrbanSport Football Jersey v2,Perú,Direct Sales,cancelled,0.7,4909.41,Medio,2024,4,10,Octubre,2024-10,0,1,True,True,0.0,0.0,OK,True
133,3,2024-03-03,cancelled,Distributor,1,1,26,SpeedMax Tennis Shoes v1,Footwear,236.69,120.0,4.8,SpeedMax Tennis Shoes v1,Footwear,SpeedMax,236.69,4.8,49.0,4.1,372,SR-FOO-0026,False,24,Chile,Santiago,Online Retailer,Ángel Osses,SpeedMax Tennis Shoes v1,Chile,Distributor,cancelled,4.8,28402.8,Premium,2024,1,3,Marzo,2024-03,0,1,True,True,0.0,0.0,Revenue extremo por IQR,True
134,16,2024-10-14,delivered,Distributor,1,1,60,PowerEdge Sports Bra v5,Apparel,38.67,11.0,2.1,PowerEdge Sports Bra v5,Apparel,PowerEdge,38.67,2.1,263.0,4.2,644,SR-APP-0060,False,51,Chile,Santiago,Independent,Jonatan Gajardo,PowerEdge Sports Bra v5,Chile,Distributor,delivered,2.1,425.37,Económico,2024,4,10,Octubre,2024-10,1,0,True,True,0.0,0.0,OK,True
135,64,2024-06-07,cancelled,Distributor,1,1,49,AthletX Compression Tights v4,Apparel,49.35,92.0,19.7,AthletX Compression Tights v4,Apparel,AthletX,49.35,19.7,55.0,3.5,49,SR-APP-0049,False,44,Argentina,Rosario,Sports Chain,Catalina Dominguez,AthletX Compression Tights v4,Argentina,Distributor,cancelled,19.7,4540.2,Económico,2024,2,6,Junio,2024-06,0,1,True,True,0.0,0.0,OK,True
136,36,2024-05-13,confirmed,Direct Sales,4,1,114,SpeedMax Training Gloves v4,Equipment,23.85,84.0,24.8,SpeedMax Training Gloves v4,Equipment,SpeedMax,23.85,24.8,467.0,2.8,130,SR-EQU-0114,False,30,Colombia,Bogotá,Superstore,Patricia Pérez,SpeedMax Training Gloves v4,Colombia,Direct Sales,confirmed,24.8,2003.4,Económico,2024,2,5,Mayo,2024-05,0,0,True,True,0.0,0.0,OK,True
136,36,2024-05-13,confirmed,Direct Sales,4,2,20,SportRetail Pro Slides v5,Footwear,74.27,87.0,12.1,SportRetail Pro Slides v5,Footwear,SportRetail Pro,74.27,12.1,35.0,4.9,555,SR-FOO-0020,False,30,Colombia,Bogotá,Superstore,Patricia Pérez,SportRetail Pro Slides v5,Colombia,Direct Sales,confirmed,12.1,6461.49,Medio,2024,2,5,Mayo,2024-05,0,0,True,True,0.0,0.0,OK,True
136,36,2024-05-13,confirmed,Direct Sales,4,3,5,SportRetail Pro Running Shoes v5,Footwear,135.77,57.0,8.6,SportRetail Pro Running Shoes v5,Footwear,SportRetail Pro,135.77,8.6,135.0,4.5,757,SR-FOO-0005,False,30,Colombia,Bogotá,Superstore,Patricia Pérez,SportRetail Pro Running Shoes v5,Colombia,Direct Sales,confirmed,8.6,7738.89,Medio,2024,2,5,Mayo,2024-05,0,0,True,True,0.0,0.0,OK,True
136,36,2024-05-13,confirmed,Direct Sales,4,4,79,UrbanSport Headband v4,Accessories,87.1,66.0,18.0,UrbanSport Headband v4,Accessories,UrbanSport,87.1,18.0,398.0,,328,SR-ACC-0079,False,30,Colombia,Bogotá,Superstore,Patricia Pérez,UrbanSport Headband v4,Colombia,Direct Sales,confirmed,18.0,5748.599999999999,Medio,2024,2,5,Mayo,2024-05,0,0,True,True,0.0,0.0,Calificación nula,True
137,83,2024-07-09,confirmed,Distributor,5,1,32,PowerEdge Performance T-Shirt v2,Apparel,129.5,7.0,13.9,PowerEdge Performance T-Shirt v2,Apparel,PowerEdge,129.5,13.9,367.0,3.7,204,SR-APP-0032,False,51,Argentina,Córdoba,Independent,Maximo Fernandez,PowerEdge Performance T-Shirt v2,Argentina,Distributor,confirmed,13.9,906.5,Medio,2024,3,7,Julio,2024-07,0,0,True,True,0.0,0.0,OK,True
137,83,2024-07-09,confirmed,Distributor,5,2,81,PowerEdge Gym Bag v1,Accessories,29.43,105.0,17.4,PowerEdge Gym Bag v1,Accessories,PowerEdge,29.43,17.4,154.0,4.6,624,SR-ACC-0081,False,51,Argentina,Córdoba,Independent,Maximo Fernandez,PowerEdge Gym Bag v1,Argentina,Distributor,confirmed,17.4,3090.15,Económico,2024,3,7,Julio,2024-07,0,0,True,True,0.0,0.0,OK,True
137,83,2024-07-09,confirmed,Distributor,5,3,103,PowerEdge Yoga Mat v3,Equipment,29.15,66.0,6.6,PowerEdge Yoga Mat v3,Equipment,PowerEdge,29.15,6.6,72.0,2.7,179,SR-EQU-0103,False,51,Argentina,Córdoba,Independent,Maximo Fernandez,PowerEdge Yoga Mat v3,Argentina,Distributor,confirmed,6.6,1923.8999999999999,Económico,2024,3,7,Julio,2024-07,0,0,True,True,0.0,0.0,OK,True
137,83,2024-07-09,confirmed,Distributor,5,4,70,SpeedMax Water Bottle v5,Accessories,41.16,67.0,19.2,SpeedMax Water Bottle v5,Accessories,SpeedMax,41.16,19.2,484.0,4.2,793,SR-ACC-0070,False,51,Argentina,Córdoba,Independent,Maximo Fernandez,SpeedMax Water Bottle v5,Argentina,Distributor,confirmed,19.2,2757.72,Económico,2024,3,7,Julio,2024-07,0,0,True,True,0.0,0.0,OK,True
137,83,2024-07-09,confirmed,Distributor,5,5,102,CoreFit Yoga Mat v2,Equipment,89.84,77.0,15.6,CoreFit Yoga Mat v2,Equipment,CoreFit,89.84,15.6,338.0,4.5,212,SR-EQU-0102,False,51,Argentina,Córdoba,Independent,Maximo Fernandez,CoreFit Yoga Mat v2,Argentina,Distributor,confirmed,15.6,6917.68,Medio,2024,3,7,Julio,2024-07,0,0,True,True,0.0,0.0,OK,True
138,77,2024-08-17,shipped,E-commerce B2B,2,1,4,AthletX Running Shoes v4,Footwear,212.08,108.0,8.5,AthletX Running Shoes v4,Footwear,AthletX,212.08,8.5,79.0,3.0,791,SR-FOO-0004,False,53,México,Ciudad de México,Sports Chain,Jaime Cazares,AthletX Running Shoes v4,México,E-commerce B2B,shipped,8.5,22904.640000000003,Premium,2024,3,8,Agosto,2024-08,0,0,True,True,0.0,0.0,Revenue extremo por IQR,True
138,77,2024-08-17,shipped,E-commerce B2B,2,2,115,PowerEdge Training Gloves v5,Equipment,42.73,12.0,17.6,PowerEdge Training Gloves v5,Equipment,PowerEdge,42.73,17.6,212.0,4.6,493,SR-EQU-0115,False,53,México,Ciudad de México,Sports Chain,Jaime Cazares,PowerEdge Training Gloves v5,México,E-commerce B2B,shipped,17.6,512.76,Económico,2024,3,8,Agosto,2024-08,0,0,True,True,0.0,0.0,OK,True
139,30,2024-12-02,delivered,Direct Sales,2,1,13,AthletX Training Shoes v3,Footwear,169.64,89.0,2.3,AthletX Training Shoes v3,Footwear,AthletX,169.64,2.3,24.0,4.7,166,SR-FOO-0013,False,35,Chile,Valparaíso,Sports Chain,Sandra Medina,AthletX Training Shoes v3,Chile,Direct Sales,delivered,2.3,15097.96,Medio,2024,4,12,Diciembre,2024-12,1,0,True,True,0.0,0.0,OK,True
139,30,2024-12-02,delivered,Direct Sales,2,2,32,PowerEdge Performance T-Shirt v2,Apparel,129.5,73.0,13.9,PowerEdge Performance T-Shirt v2,Apparel,PowerEdge,129.5,13.9,367.0,3.7,204,SR-APP-0032,False,35,Chile,Valparaíso,Sports Chain,Sandra Medina,PowerEdge Performance T-Shirt v2,Chile,Direct Sales,delivered,13.9,9453.5,Medio,2024,4,12,Diciembre,2024-12,1,0,True,True,0.0,0.0,OK,True
140,74,2024-12-12,cancelled,E-commerce B2B,4,1,46,SportRetail Pro Compression Tights v1,Apparel,118.88,27.0,5.3,SportRetail Pro Compression Tights v1,Apparel,SportRetail Pro,118.88,5.3,127.0,4.2,372,SR-APP-0046,False,36,Colombia,Bogotá,Superstore,Jenny Ospina,SportRetail Pro Compression Tights v1,Colombia,E-commerce B2B,cancelled,5.3,3209.7599999999998,Medio,2024,4,12,Diciembre,2024-12,0,1,True,True,0.0,0.0,OK,True
140,74,2024-12-12,cancelled,E-commerce B2B,4,2,120,SpeedMax Agility Ladder v5,Equipment,19.15,80.0,18.6,SpeedMax Agility Ladder v5,Equipment,SpeedMax,19.15,18.6,361.0,4.8,400,SR-EQU-0120,False,36,Colombia,Bogotá,Superstore,Jenny Ospina,SpeedMax Agility Ladder v5,Colombia,E-commerce B2B,cancelled,18.6,1532.0,Económico,2024,4,12,Diciembre,2024-12,0,1,True,True,0.0,0.0,OK,True
140,74,2024-12-12,cancelled,E-commerce B2B,4,3,108,UrbanSport Foam Roller v3,Equipment,56.41,99.0,20.4,UrbanSport Foam Roller v3,Equipment,UrbanSport,56.41,20.4,496.0,2.7,366,SR-EQU-0108,False,36,Colombia,Bogotá,Superstore,Jenny Ospina,UrbanSport Foam Roller v3,Colombia,E-commerce B2B,cancelled,20.4,5584.589999999999,Medio,2024,4,12,Diciembre,2024-12,0,1,True,True,0.0,0.0,OK,True
140,74,2024-12-12,cancelled,E-commerce B2B,4,4,109,SportRetail Pro Foam Roller v4,Equipment,96.48,80.0,8.2,SportRetail Pro Foam Roller v4,Equipment,SportRetail Pro,96.48,8.2,355.0,3.7,688,SR-EQU-0109,False,36,Colombia,Bogotá,Superstore,Jenny Ospina,SportRetail Pro Foam Roller v4,Colombia,E-commerce B2B,cancelled,8.2,7718.400000000001,Medio,2024,4,12,Diciembre,2024-12,0,1,True,True,0.0,0.0,OK,True
141,19,2024-10-07,delivered,Distributor,5,1,25,PowerEdge Football Boots v5,Footwear,164.22,74.0,13.5,PowerEdge Football Boots v5,Footwear,PowerEdge,164.22,13.5,370.0,4.8,594,SR-FOO-0025,False,30,Perú,Piura,Independent,Custodia Lara,PowerEdge Football Boots v5,Perú,Distributor,delivered,13.5,12152.28,Medio,2024,4,10,Octubre,2024-10,1,0,True,True,0.0,0.0,OK,True
141,19,2024-10-07,delivered,Distributor,5,2,108,UrbanSport Foam Roller v3,Equipment,56.41,67.0,20.4,UrbanSport Foam Roller v3,Equipment,UrbanSport,56.41,20.4,496.0,2.7,366,SR-EQU-0108,False,30,Perú,Piura,Independent,Custodia Lara,UrbanSport Foam Roller v3,Perú,Distributor,delivered,20.4,3779.47,Medio,2024,4,10,Octubre,2024-10,1,0,True,True,0.0,0.0,OK,True
141,19,2024-10-07,delivered,Distributor,5,3,104,UrbanSport Yoga Mat v4,Equipment,102.51,12.0,11.0,UrbanSport Yoga Mat v4,Equipment,UrbanSport,102.51,11.0,239.0,4.2,726,SR-EQU-0104,False,30,Perú,Piura,Independent,Custodia Lara,UrbanSport Yoga Mat v4,Perú,Distributor,delivered,11.0,1230.1200000000001,Medio,2024,4,10,Octubre,2024-10,1,0,True,True,0.0,0.0,OK,True
141,19,2024-10-07,delivered,Distributor,5,4,113,SportRetail Pro Training Gloves v3,Equipment,17.74,,15.8,SportRetail Pro Training Gloves v3,Equipment,SportRetail Pro,17.74,15.8,409.0,,172,SR-EQU-0113,False,30,Perú,Piura,Independent,Custodia Lara,SportRetail Pro Training Gloves v3,Perú,Distributor,delivered,15.8,,Económico,2024,4,10,Octubre,2024-10,1,0,True,True,0.0,0.0,Cantidad nula | Calificación nula,False
141,19,2024-10-07,delivered,Distributor,5,5,64,PowerEdge Sport Backpack v4,Accessories,51.44,,1.3,PowerEdge Sport Backpack v4,Accessories,PowerEdge,51.44,1.3,127.0,4.8,134,SR-ACC-0064,False,30,Perú,Piura,Independent,Custodia Lara,PowerEdge Sport Backpack v4,Perú,Distributor,delivered,1.3,,Medio,2024,4,10,Octubre,2024-10,1,0,True,True,0.0,0.0,Cantidad nula,False
142,92,2024-10-23,cancelled,Direct Sales,2,1,118,UrbanSport Agility Ladder v3,Equipment,109.9,113.0,12.2,UrbanSport Agility Ladder v3,Equipment,UrbanSport,109.9,12.2,76.0,3.6,505,SR-EQU-0118,False,50,Colombia,Barranquilla,Superstore,Wilmer González,UrbanSport Agility Ladder v3,Colombia,Direct Sales,cancelled,12.2,12418.7,Medio,2024,4,10,Octubre,2024-10,0,1,True,True,0.0,0.0,OK,True
142,92,2024-10-23,cancelled,Direct Sales,2,2,103,PowerEdge Yoga Mat v3,Equipment,29.15,12.0,6.6,PowerEdge Yoga Mat v3,Equipment,PowerEdge,29.15,6.6,72.0,2.7,179,SR-EQU-0103,False,50,Colombia,Barranquilla,Superstore,Wilmer González,PowerEdge Yoga Mat v3,Colombia,Direct Sales,cancelled,6.6,349.79999999999995,Económico,2024,4,10,Octubre,2024-10,0,1,True,True,0.0,0.0,OK,True
143,68,2024-03-24,cancelled,E-commerce B2B,3,1,10,CoreFit Basketball Shoes v5,Footwear,244.64,89.0,19.4,CoreFit Basketball Shoes v5,Footwear,CoreFit,244.64,19.4,117.0,4.6,333,SR-FOO-0010,False,27,Chile,Concepción,Sports Chain,María Letelier,CoreFit Basketball Shoes v5,Chile,E-commerce B2B,cancelled,19.4,21772.96,Premium,2024,1,3,Marzo,2024-03,0,1,True,True,0.0,0.0,Revenue extremo por IQR,True
143,68,2024-03-24,cancelled,E-commerce B2B,3,2,48,SpeedMax Compression Tights v3,Apparel,22.73,17.0,18.4,SpeedMax Compression Tights v3,Apparel,SpeedMax,22.73,18.4,170.0,4.5,431,SR-APP-0048,False,27,Chile,Concepción,Sports Chain,María Letelier,SpeedMax Compression Tights v3,Chile,E-commerce B2B,cancelled,18.4,386.41,Económico,2024,1,3,Marzo,2024-03,0,1,True,True,0.0,0.0,OK,True
143,68,2024-03-24,cancelled,E-commerce B2B,3,3,91,CoreFit Resistance Bands v1,Equipment,36.9,46.0,18.0,CoreFit Resistance Bands v1,Equipment,CoreFit,36.9,18.0,161.0,2.8,558,SR-EQU-0091,False,27,Chile,Concepción,Sports Chain,María Letelier,CoreFit Resistance Bands v1,Chile,E-commerce B2B,cancelled,18.0,1697.3999999999999,Económico,2024,1,3,Marzo,2024-03,0,1,True,True,0.0,0.0,OK,True
144,63,2024-12-19,shipped,E-commerce B2B,6,1,41,CoreFit Track Jacket v1,Apparel,32.7,83.0,2.7,CoreFit Track Jacket v1,Apparel,CoreFit,32.7,2.7,283.0,2.9,298,SR-APP-0041,False,33,Argentina,Buenos Aires,Independent,Guadalupe Avila,CoreFit Track Jacket v1,Argentina,E-commerce B2B,shipped,2.7,2714.1000000000004,Económico,2024,4,12,Diciembre,2024-12,0,0,True,True,0.0,0.0,OK,True
144,63,2024-12-19,shipped,E-commerce B2B,6,2,23,SpeedMax Football Boots v3,Footwear,82.23,33.0,5.6,SpeedMax Football Boots v3,Footwear,SpeedMax,82.23,5.6,173.0,2.6,577,SR-FOO-0023,False,33,Argentina,Buenos Aires,Independent,Guadalupe Avila,SpeedMax Football Boots v3,Argentina,E-commerce B2B,shipped,5.6,2713.59,Medio,2024,4,12,Diciembre,2024-12,0,0,True,True,0.0,0.0,OK,True
144,63,2024-12-19,shipped,E-commerce B2B,6,3,91,CoreFit Resistance Bands v1,Equipment,36.9,109.0,18.0,CoreFit Resistance Bands v1,Equipment,CoreFit,36.9,18.0,161.0,2.8,558,SR-EQU-0091,False,33,Argentina,Buenos Aires,Independent,Guadalupe Avila,CoreFit Resistance Bands v1,Argentina,E-commerce B2B,shipped,18.0,4022.1,Económico,2024,4,12,Diciembre,2024-12,0,0,True,True,0.0,0.0,OK,True
144,63,2024-12-19,shipped,E-commerce B2B,6,4,72,UrbanSport Cap v2,Accessories,81.82,44.0,12.2,UrbanSport Cap v2,Accessories,UrbanSport,81.82,12.2,139.0,3.6,39,SR-ACC-0072,False,33,Argentina,Buenos Aires,Independent,Guadalupe Avila,UrbanSport Cap v2,Argentina,E-commerce B2B,shipped,12.2,3600.08,Medio,2024,4,12,Diciembre,2024-12,0,0,True,True,0.0,0.0,OK,True
144,63,2024-12-19,shipped,E-commerce B2B,6,5,89,SpeedMax Sport Socks v4,Accessories,73.43,42.0,2.3,SpeedMax Sport Socks v4,Accessories,SpeedMax,73.43,2.3,113.0,3.5,259,SR-ACC-0089,False,33,Argentina,Buenos Aires,Independent,Guadalupe Avila,SpeedMax Sport Socks v4,Argentina,E-commerce B2B,shipped,2.3,3084.0600000000004,Medio,2024,4,12,Diciembre,2024-12,0,0,True,True,0.0,0.0,OK,True
144,63,2024-12-19,shipped,E-commerce B2B,6,6,114,SpeedMax Training Gloves v4,Equipment,23.85,,24.8,SpeedMax Training Gloves v4,Equipment,SpeedMax,23.85,24.8,467.0,2.8,130,SR-EQU-0114,False,33,Argentina,Buenos Aires,Independent,Guadalupe Avila,SpeedMax Training Gloves v4,Argentina,E-commerce B2B,shipped,24.8,,Económico,2024,4,12,Diciembre,2024-12,0,0,True,True,0.0,0.0,Cantidad nula,False
145,5,2024-02-16,confirmed,E-commerce B2B,2,1,78,SpeedMax Headband v3,Accessories,63.56,108.0,14.1,SpeedMax Headband v3,Accessories,SpeedMax,63.56,14.1,111.0,3.7,272,SR-ACC-0078,False,42,México,Monterrey,Sports Chain,Fernando Valentín,SpeedMax Headband v3,México,E-commerce B2B,confirmed,14.1,6864.4800000000005,Medio,2024,1,2,Febrero,2024-02,0,0,True,True,0.0,0.0,OK,True
145,5,2024-02-16,confirmed,E-commerce B2B,2,2,41,CoreFit Track Jacket v1,Apparel,32.7,33.0,2.7,CoreFit Track Jacket v1,Apparel,CoreFit,32.7,2.7,283.0,2.9,298,SR-APP-0041,False,42,México,Monterrey,Sports Chain,Fernando Valentín,CoreFit Track Jacket v1,México,E-commerce B2B,confirmed,2.7,1079.1000000000001,Económico,2024,1,2,Febrero,2024-02,0,0,True,True,0.0,0.0,OK,True
146,10,2024-11-21,delivered,Distributor,2,1,45,CoreFit Track Jacket v5,Apparel,84.08,26.0,3.7,CoreFit Track Jacket v5,Apparel,CoreFit,84.08,3.7,65.0,2.6,383,SR-APP-0045,False,36,Colombia,Medellín,Online Retailer,Javier Castrillón,CoreFit Track Jacket v5,Colombia,Distributor,delivered,3.7,2186.08,Medio,2024,4,11,Noviembre,2024-11,1,0,True,True,0.0,0.0,OK,True
146,10,2024-11-21,delivered,Distributor,2,2,41,CoreFit Track Jacket v1,Apparel,32.7,16.0,2.7,CoreFit Track Jacket v1,Apparel,CoreFit,32.7,2.7,283.0,2.9,298,SR-APP-0041,False,36,Colombia,Medellín,Online Retailer,Javier Castrillón,CoreFit Track Jacket v1,Colombia,Distributor,delivered,2.7,523.2,Económico,2024,4,11,Noviembre,2024-11,1,0,True,True,0.0,0.0,OK,True
147,58,2024-02-12,shipped,Direct Sales,1,1,34,UrbanSport Performance T-Shirt v4,Apparel,37.32,31.0,24.0,UrbanSport Performance T-Shirt v4,Apparel,UrbanSport,37.32,24.0,41.0,4.6,80,SR-APP-0034,False,35,Colombia,Cartagena,Online Retailer,Carmen Lozano,UrbanSport Performance T-Shirt v4,Colombia,Direct Sales,shipped,24.0,1156.92,Económico,2024,1,2,Febrero,2024-02,0,0,True,True,0.0,0.0,OK,True
148,93,2024-07-06,delivered,Distributor,1,1,7,SportRetail Pro Basketball Shoes v2,Footwear,203.78,54.0,19.3,SportRetail Pro Basketball Shoes v2,Footwear,SportRetail Pro,203.78,19.3,40.0,4.6,113,SR-FOO-0007,False,42,Chile,Temuco,Independent,Antonella Bustamante,SportRetail Pro Basketball Shoes v2,Chile,Distributor,delivered,19.3,11004.12,Premium,2024,3,7,Julio,2024-07,1,0,True,True,0.0,0.0,OK,True
149,49,2024-03-15,confirmed,Direct Sales,3,1,70,SpeedMax Water Bottle v5,Accessories,41.16,111.0,19.2,SpeedMax Water Bottle v5,Accessories,SpeedMax,41.16,19.2,484.0,4.2,793,SR-ACC-0070,False,43,Perú,Cusco,Online Retailer,Victor Guzman,SpeedMax Water Bottle v5,Perú,Direct Sales,confirmed,19.2,4568.759999999999,Económico,2024,1,3,Marzo,2024-03,0,0,True,True,0.0,0.0,OK,True
149,49,2024-03-15,confirmed,Direct Sales,3,2,49,AthletX Compression Tights v4,Apparel,49.35,115.0,19.7,AthletX Compression Tights v4,Apparel,AthletX,49.35,19.7,55.0,3.5,49,SR-APP-0049,False,43,Perú,Cusco,Online Retailer,Victor Guzman,AthletX Compression Tights v4,Perú,Direct Sales,confirmed,19.7,5675.25,Económico,2024,1,3,Marzo,2024-03,0,0,True,True,0.0,0.0,OK,True
149,49,2024-03-15,confirmed,Direct Sales,3,3,13,AthletX Training Shoes v3,Footwear,169.64,102.0,2.3,AthletX Training Shoes v3,Footwear,AthletX,169.64,2.3,24.0,4.7,166,SR-FOO-0013,False,43,Perú,Cusco,Online Retailer,Victor Guzman,AthletX Training Shoes v3,Perú,Direct Sales,confirmed,2.3,17303.28,Medio,2024,1,3,Marzo,2024-03,0,0,True,True,0.0,0.0,Revenue extremo por IQR,True
150,38,2024-02-11,confirmed,Distributor,1,1,41,CoreFit Track Jacket v1,Apparel,32.7,38.0,2.7,CoreFit Track Jacket v1,Apparel,CoreFit,32.7,2.7,283.0,2.9,298,SR-APP-0041,False,28,México,Tijuana,Sports Chain,Bernardo Cruz,CoreFit Track Jacket v1,México,Distributor,confirmed,2.7,1242.6000000000001,Económico,2024,1,2,Febrero,2024-02,0,0,True,True,0.0,0.0,OK,True
151,21,2024-07-23,delivered,E-commerce B2B,6,1,10,CoreFit Basketball Shoes v5,Footwear,244.64,83.0,19.4,CoreFit Basketball Shoes v5,Footwear,CoreFit,244.64,19.4,117.0,4.6,333,SR-FOO-0010,False,28,México,Puebla,Superstore,Luis Manuel Venegas,CoreFit Basketball Shoes v5,México,E-commerce B2B,delivered,19.4,20305.12,Premium,2024,3,7,Julio,2024-07,1,0,True,True,0.0,0.0,Revenue extremo por IQR,True
151,21,2024-07-23,delivered,E-commerce B2B,6,2,71,CoreFit Cap v1,Accessories,33.89,95.0,9.7,CoreFit Cap v1,Accessories,CoreFit,33.89,9.7,456.0,4.9,439,SR-ACC-0071,False,28,México,Puebla,Superstore,Luis Manuel Venegas,CoreFit Cap v1,México,E-commerce B2B,delivered,9.7,3219.55,Económico,2024,3,7,Julio,2024-07,1,0,True,True,0.0,0.0,OK,True
151,21,2024-07-23,delivered,E-commerce B2B,6,3,115,PowerEdge Training Gloves v5,Equipment,42.73,88.0,17.6,PowerEdge Training Gloves v5,Equipment,PowerEdge,42.73,17.6,212.0,4.6,493,SR-EQU-0115,False,28,México,Puebla,Superstore,Luis Manuel Venegas,PowerEdge Training Gloves v5,México,E-commerce B2B,delivered,17.6,3760.24,Económico,2024,3,7,Julio,2024-07,1,0,True,True,0.0,0.0,OK,True
151,21,2024-07-23,delivered,E-commerce B2B,6,4,12,AthletX Training Shoes v2,Footwear,222.62,118.0,13.5,AthletX Training Shoes v2,Footwear,AthletX,222.62,13.5,382.0,4.0,607,SR-FOO-0012,False,28,México,Puebla,Superstore,Luis Manuel Venegas,AthletX Training Shoes v2,México,E-commerce B2B,delivered,13.5,26269.16,Premium,2024,3,7,Julio,2024-07,1,0,True,True,0.0,0.0,Revenue extremo por IQR,True
151,21,2024-07-23,delivered,E-commerce B2B,6,5,44,PowerEdge Track Jacket v4,Apparel,67.05,11.0,0.2,PowerEdge Track Jacket v4,Apparel,PowerEdge,67.05,0.2,38.0,4.9,717,SR-APP-0044,False,28,México,Puebla,Superstore,Luis Manuel Venegas,PowerEdge Track Jacket v4,México,E-commerce B2B,delivered,0.2,737.55,Medio,2024,3,7,Julio,2024-07,1,0,True,True,0.0,0.0,OK,True
151,21,2024-07-23,delivered,E-commerce B2B,6,6,77,PowerEdge Headband v2,Accessories,13.22,31.0,0.8,PowerEdge Headband v2,Accessories,PowerEdge,13.22,0.8,126.0,3.0,30,SR-ACC-0077,False,28,México,Puebla,Superstore,Luis Manuel Venegas,PowerEdge Headband v2,México,E-commerce B2B,delivered,0.8,409.82,Económico,2024,3,7,Julio,2024-07,1,0,True,True,0.0,0.0,OK,True
152,70,2024-01-12,confirmed,Direct Sales,3,1,85,PowerEdge Gym Bag v5,Accessories,57.4,35.0,8.1,PowerEdge Gym Bag v5,Accessories,PowerEdge,57.4,8.1,125.0,4.6,98,SR-ACC-0085,False,49,México,Puebla,Online Retailer,Olivia Tovar,PowerEdge Gym Bag v5,México,Direct Sales,confirmed,8.1,2009.0,Medio,2024,1,1,Enero,2024-01,0,0,True,True,0.0,0.0,OK,True
152,70,2024-01-12,confirmed,Direct Sales,3,2,37,SpeedMax Training Shorts v2,Apparel,34.4,55.0,16.1,SpeedMax Training Shorts v2,Apparel,SpeedMax,34.4,16.1,234.0,,779,SR-APP-0037,False,49,México,Puebla,Online Retailer,Olivia Tovar,SpeedMax Training Shorts v2,México,Direct Sales,confirmed,16.1,1892.0,Económico,2024,1,1,Enero,2024-01,0,0,True,True,0.0,0.0,Calificación nula,True
152,70,2024-01-12,confirmed,Direct Sales,3,3,39,SportRetail Pro Training Shorts v4,Apparel,116.72,112.0,9.2,SportRetail Pro Training Shorts v4,Apparel,SportRetail Pro,116.72,9.2,80.0,3.6,566,SR-APP-0039,False,49,México,Puebla,Online Retailer,Olivia Tovar,SportRetail Pro Training Shorts v4,México,Direct Sales,confirmed,9.2,13072.64,Medio,2024,1,1,Enero,2024-01,0,0,True,True,0.0,0.0,OK,True
153,38,2024-11-18,shipped,Distributor,6,1,81,PowerEdge Gym Bag v1,Accessories,29.43,31.0,17.4,PowerEdge Gym Bag v1,Accessories,PowerEdge,29.43,17.4,154.0,4.6,624,SR-ACC-0081,False,28,México,Tijuana,Sports Chain,Bernardo Cruz,PowerEdge Gym Bag v1,México,Distributor,shipped,17.4,912.33,Económico,2024,4,11,Noviembre,2024-11,0,0,True,True,0.0,0.0,OK,True
153,38,2024-11-18,shipped,Distributor,6,2,77,PowerEdge Headband v2,Accessories,13.22,42.0,0.8,PowerEdge Headband v2,Accessories,PowerEdge,13.22,0.8,126.0,3.0,30,SR-ACC-0077,False,28,México,Tijuana,Sports Chain,Bernardo Cruz,PowerEdge Headband v2,México,Distributor,shipped,0.8,555.24,Económico,2024,4,11,Noviembre,2024-11,0,0,True,True,0.0,0.0,OK,True
153,38,2024-11-18,shipped,Distributor,6,3,62,SportRetail Pro Sport Backpack v2,Accessories,46.43,65.0,22.2,SportRetail Pro Sport Backpack v2,Accessories,SportRetail Pro,46.43,22.2,294.0,3.0,723,SR-ACC-0062,False,28,México,Tijuana,Sports Chain,Bernardo Cruz,SportRetail Pro Sport Backpack v2,México,Distributor,shipped,22.2,3017.95,Económico,2024,4,11,Noviembre,2024-11,0,0,True,True,0.0,0.0,OK,True
153,38,2024-11-18,shipped,Distributor,6,4,26,SpeedMax Tennis Shoes v1,Footwear,236.69,44.0,4.8,SpeedMax Tennis Shoes v1,Footwear,SpeedMax,236.69,4.8,49.0,4.1,372,SR-FOO-0026,False,28,México,Tijuana,Sports Chain,Bernardo Cruz,SpeedMax Tennis Shoes v1,México,Distributor,shipped,4.8,10414.36,Premium,2024,4,11,Noviembre,2024-11,0,0,True,True,0.0,0.0,OK,True
153,38,2024-11-18,shipped,Distributor,6,5,13,AthletX Training Shoes v3,Footwear,169.64,65.0,2.3,AthletX Training Shoes v3,Footwear,AthletX,169.64,2.3,24.0,4.7,166,SR-FOO-0013,False,28,México,Tijuana,Sports Chain,Bernardo Cruz,AthletX Training Shoes v3,México,Distributor,shipped,2.3,11026.599999999999,Medio,2024,4,11,Noviembre,2024-11,0,0,True,True,0.0,0.0,OK,True
153,38,2024-11-18,shipped,Distributor,6,6,4,AthletX Running Shoes v4,Footwear,212.08,89.0,8.5,AthletX Running Shoes v4,Footwear,AthletX,212.08,8.5,79.0,3.0,791,SR-FOO-0004,False,28,México,Tijuana,Sports Chain,Bernardo Cruz,AthletX Running Shoes v4,México,Distributor,shipped,8.5,18875.120000000003,Premium,2024,4,11,Noviembre,2024-11,0,0,True,True,0.0,0.0,Revenue extremo por IQR,True
154,49,2024-03-25,delivered,Direct Sales,3,1,24,SportRetail Pro Football Boots v4,Footwear,214.26,38.0,1.5,SportRetail Pro Football Boots v4,Footwear,SportRetail Pro,214.26,1.5,34.0,4.8,348,SR-FOO-0024,False,43,Perú,Cusco,Online Retailer,Victor Guzman,SportRetail Pro Football Boots v4,Perú,Direct Sales,delivered,1.5,8141.879999999999,Premium,2024,1,3,Marzo,2024-03,1,0,True,True,0.0,0.0,OK,True
154,49,2024-03-25,delivered,Direct Sales,3,2,58,AthletX Sports Bra v3,Apparel,87.71,38.0,7.5,AthletX Sports Bra v3,Apparel,AthletX,87.71,7.5,280.0,4.6,321,SR-APP-0058,False,43,Perú,Cusco,Online Retailer,Victor Guzman,AthletX Sports Bra v3,Perú,Direct Sales,delivered,7.5,3332.9799999999996,Medio,2024,1,3,Marzo,2024-03,1,0,True,True,0.0,0.0,OK,True
154,49,2024-03-25,delivered,Direct Sales,3,3,6,SpeedMax Basketball Shoes v1,Footwear,72.73,39.0,7.3,SpeedMax Basketball Shoes v1,Footwear,SpeedMax,72.73,7.3,321.0,4.0,380,SR-FOO-0006,False,43,Perú,Cusco,Online Retailer,Victor Guzman,SpeedMax Basketball Shoes v1,Perú,Direct Sales,delivered,7.3,2836.4700000000003,Medio,2024,1,3,Marzo,2024-03,1,0,True,True,0.0,0.0,OK,True
155,11,2024-02-13,cancelled,E-commerce B2B,6,1,45,CoreFit Track Jacket v5,Apparel,84.08,34.0,3.7,CoreFit Track Jacket v5,Apparel,CoreFit,84.08,3.7,65.0,2.6,383,SR-APP-0045,False,45,Perú,Piura,Online Retailer,Flavio Ramos,CoreFit Track Jacket v5,Perú,E-commerce B2B,cancelled,3.7,2858.72,Medio,2024,1,2,Febrero,2024-02,0,1,True,True,0.0,0.0,OK,True
155,11,2024-02-13,cancelled,E-commerce B2B,6,2,104,UrbanSport Yoga Mat v4,Equipment,102.51,112.0,11.0,UrbanSport Yoga Mat v4,Equipment,UrbanSport,102.51,11.0,239.0,4.2,726,SR-EQU-0104,False,45,Perú,Piura,Online Retailer,Flavio Ramos,UrbanSport Yoga Mat v4,Perú,E-commerce B2B,cancelled,11.0,11481.12,Medio,2024,1,2,Febrero,2024-02,0,1,True,True,0.0,0.0,OK,True
155,11,2024-02-13,cancelled,E-commerce B2B,6,3,70,SpeedMax Water Bottle v5,Accessories,41.16,71.0,19.2,SpeedMax Water Bottle v5,Accessories,SpeedMax,41.16,19.2,484.0,4.2,793,SR-ACC-0070,False,45,Perú,Piura,Online Retailer,Flavio Ramos,SpeedMax Water Bottle v5,Perú,E-commerce B2B,cancelled,19.2,2922.3599999999997,Económico,2024,1,2,Febrero,2024-02,0,1,True,True,0.0,0.0,OK,True
155,11,2024-02-13,cancelled,E-commerce B2B,6,4,53,SportRetail Pro Football Jersey v3,Apparel,31.92,73.0,10.9,SportRetail Pro Football Jersey v3,Apparel,SportRetail Pro,31.92,10.9,373.0,4.5,456,SR-APP-0053,False,45,Perú,Piura,Online Retailer,Flavio Ramos,SportRetail Pro Football Jersey v3,Perú,E-commerce B2B,cancelled,10.9,2330.1600000000003,Económico,2024,1,2,Febrero,2024-02,0,1,True,True,0.0,0.0,OK,True
155,11,2024-02-13,cancelled,E-commerce B2B,6,5,97,UrbanSport Jump Rope v2,Equipment,105.17,65.0,2.1,UrbanSport Jump Rope v2,Equipment,UrbanSport,105.17,2.1,127.0,2.8,792,SR-EQU-0097,False,45,Perú,Piura,Online Retailer,Flavio Ramos,UrbanSport Jump Rope v2,Perú,E-commerce B2B,cancelled,2.1,6836.05,Medio,2024,1,2,Febrero,2024-02,0,1,True,True,0.0,0.0,OK,True
155,11,2024-02-13,cancelled,E-commerce B2B,6,6,76,CoreFit Headband v1,Accessories,76.79,35.0,11.8,CoreFit Headband v1,Accessories,CoreFit,76.79,11.8,383.0,3.8,368,SR-ACC-0076,False,45,Perú,Piura,Online Retailer,Flavio Ramos,CoreFit Headband v1,Perú,E-commerce B2B,cancelled,11.8,2687.65,Medio,2024,1,2,Febrero,2024-02,0,1,True,True,0.0,0.0,OK,True
156,5,2024-11-14,shipped,E-commerce B2B,5,1,74,UrbanSport Cap v4,Accessories,55.15,84.0,0.7,UrbanSport Cap v4,Accessories,UrbanSport,55.15,0.7,329.0,3.6,482,SR-ACC-0074,False,42,México,Monterrey,Sports Chain,Fernando Valentín,UrbanSport Cap v4,México,E-commerce B2B,shipped,0.7,4632.599999999999,Medio,2024,4,11,Noviembre,2024-11,0,0,True,True,0.0,0.0,OK,True
156,5,2024-11-14,shipped,E-commerce B2B,5,2,116,SpeedMax Agility Ladder v1,Equipment,33.11,101.0,15.0,SpeedMax Agility Ladder v1,Equipment,SpeedMax,33.11,15.0,382.0,4.7,81,SR-EQU-0116,False,42,México,Monterrey,Sports Chain,Fernando Valentín,SpeedMax Agility Ladder v1,México,E-commerce B2B,shipped,15.0,3344.11,Económico,2024,4,11,Noviembre,2024-11,0,0,True,True,0.0,0.0,OK,True
156,5,2024-11-14,shipped,E-commerce B2B,5,3,67,AthletX Water Bottle v2,Accessories,77.19,26.0,6.9,AthletX Water Bottle v2,Accessories,AthletX,77.19,6.9,398.0,3.8,651,SR-ACC-0067,False,42,México,Monterrey,Sports Chain,Fernando Valentín,AthletX Water Bottle v2,México,E-commerce B2B,shipped,6.9,2006.94,Medio,2024,4,11,Noviembre,2024-11,0,0,True,True,0.0,0.0,OK,True
156,5,2024-11-14,shipped,E-commerce B2B,5,4,103,PowerEdge Yoga Mat v3,Equipment,29.15,108.0,6.6,PowerEdge Yoga Mat v3,Equipment,PowerEdge,29.15,6.6,72.0,2.7,179,SR-EQU-0103,False,42,México,Monterrey,Sports Chain,Fernando Valentín,PowerEdge Yoga Mat v3,México,E-commerce B2B,shipped,6.6,3148.2,Económico,2024,4,11,Noviembre,2024-11,0,0,True,True,0.0,0.0,OK,True
156,5,2024-11-14,shipped,E-commerce B2B,5,5,87,CoreFit Sport Socks v2,Accessories,37.23,10.0,22.0,CoreFit Sport Socks v2,Accessories,CoreFit,37.23,22.0,,4.7,579,SR-ACC-0087,False,42,México,Monterrey,Sports Chain,Fernando Valentín,CoreFit Sport Socks v2,México,E-commerce B2B,shipped,22.0,372.29999999999995,Económico,2024,4,11,Noviembre,2024-11,0,0,True,True,0.0,0.0,Inventario nulo,True
157,19,2024-12-20,delivered,Distributor,5,1,34,UrbanSport Performance T-Shirt v4,Apparel,37.32,108.0,24.0,UrbanSport Performance T-Shirt v4,Apparel,UrbanSport,37.32,24.0,41.0,4.6,80,SR-APP-0034,False,30,Perú,Piura,Independent,Custodia Lara,UrbanSport Performance T-Shirt v4,Perú,Distributor,delivered,24.0,4030.56,Económico,2024,4,12,Diciembre,2024-12,1,0,True,True,0.0,0.0,OK,True
157,19,2024-12-20,delivered,Distributor,5,2,41,CoreFit Track Jacket v1,Apparel,32.7,54.0,2.7,CoreFit Track Jacket v1,Apparel,CoreFit,32.7,2.7,283.0,2.9,298,SR-APP-0041,False,30,Perú,Piura,Independent,Custodia Lara,CoreFit Track Jacket v1,Perú,Distributor,delivered,2.7,1765.8000000000002,Económico,2024,4,12,Diciembre,2024-12,1,0,True,True,0.0,0.0,OK,True
157,19,2024-12-20,delivered,Distributor,5,3,117,SpeedMax Agility Ladder v2,Equipment,47.29,75.0,19.7,SpeedMax Agility Ladder v2,Equipment,SpeedMax,47.29,19.7,136.0,4.6,299,SR-EQU-0117,False,30,Perú,Piura,Independent,Custodia Lara,SpeedMax Agility Ladder v2,Perú,Distributor,delivered,19.7,3546.75,Económico,2024,4,12,Diciembre,2024-12,1,0,True,True,0.0,0.0,OK,True
157,19,2024-12-20,delivered,Distributor,5,4,94,SportRetail Pro Resistance Bands v4,Equipment,107.56,40.0,13.8,SportRetail Pro Resistance Bands v4,Equipment,SportRetail Pro,107.56,13.8,357.0,4.9,663,SR-EQU-0094,False,30,Perú,Piura,Independent,Custodia Lara,SportRetail Pro Resistance Bands v4,Perú,Distributor,delivered,13.8,4302.4,Medio,2024,4,12,Diciembre,2024-12,1,0,True,True,0.0,0.0,OK,True
157,19,2024-12-20,delivered,Distributor,5,5,118,UrbanSport Agility Ladder v3,Equipment,109.9,,12.2,UrbanSport Agility Ladder v3,Equipment,UrbanSport,109.9,12.2,76.0,3.6,505,SR-EQU-0118,False,30,Perú,Piura,Independent,Custodia Lara,UrbanSport Agility Ladder v3,Perú,Distributor,delivered,12.2,,Medio,2024,4,12,Diciembre,2024-12,1,0,True,True,0.0,0.0,Cantidad nula,False
158,15,2024-09-12,delivered,Distributor,4,1,20,SportRetail Pro Slides v5,Footwear,74.27,79.0,12.1,SportRetail Pro Slides v5,Footwear,SportRetail Pro,74.27,12.1,35.0,4.9,555,SR-FOO-0020,False,42,México,Tijuana,Sports Chain,Perla Luna,SportRetail Pro Slides v5,México,Distributor,delivered,12.1,5867.33,Medio,2024,3,9,Septiembre,2024-09,1,0,True,True,0.0,0.0,OK,True
158,15,2024-09-12,delivered,Distributor,4,2,19,SportRetail Pro Slides v4,Footwear,264.05,17.0,22.0,SportRetail Pro Slides v4,Footwear,SportRetail Pro,264.05,22.0,425.0,4.5,255,SR-FOO-0019,False,42,México,Tijuana,Sports Chain,Perla Luna,SportRetail Pro Slides v4,México,Distributor,delivered,22.0,4488.85,Premium,2024,3,9,Septiembre,2024-09,1,0,True,True,0.0,0.0,OK,True
158,15,2024-09-12,delivered,Distributor,4,3,73,SpeedMax Cap v3,Accessories,67.93,77.0,21.0,SpeedMax Cap v3,Accessories,SpeedMax,67.93,21.0,470.0,2.8,647,SR-ACC-0073,False,42,México,Tijuana,Sports Chain,Perla Luna,SpeedMax Cap v3,México,Distributor,delivered,21.0,5230.610000000001,Medio,2024,3,9,Septiembre,2024-09,1,0,True,True,0.0,0.0,OK,True
158,15,2024-09-12,delivered,Distributor,4,4,76,CoreFit Headband v1,Accessories,76.79,105.0,11.8,CoreFit Headband v1,Accessories,CoreFit,76.79,11.8,383.0,3.8,368,SR-ACC-0076,False,42,México,Tijuana,Sports Chain,Perla Luna,CoreFit Headband v1,México,Distributor,delivered,11.8,8062.950000000001,Medio,2024,3,9,Septiembre,2024-09,1,0,True,True,0.0,0.0,OK,True
159,50,2024-05-12,confirmed,Distributor,6,1,63,AthletX Sport Backpack v3,Accessories,62.48,40.0,0.1,AthletX Sport Backpack v3,Accessories,AthletX,62.48,0.1,384.0,4.7,119,SR-ACC-0063,False,28,México,Puebla,Independent,Carmen Vallejo,AthletX Sport Backpack v3,México,Distributor,confirmed,0.1,2499.2,Medio,2024,2,5,Mayo,2024-05,0,0,True,True,0.0,0.0,OK,True
159,50,2024-05-12,confirmed,Distributor,6,2,74,UrbanSport Cap v4,Accessories,55.15,84.0,0.7,UrbanSport Cap v4,Accessories,UrbanSport,55.15,0.7,329.0,3.6,482,SR-ACC-0074,False,28,México,Puebla,Independent,Carmen Vallejo,UrbanSport Cap v4,México,Distributor,confirmed,0.7,4632.599999999999,Medio,2024,2,5,Mayo,2024-05,0,0,True,True,0.0,0.0,OK,True
159,50,2024-05-12,confirmed,Distributor,6,3,78,SpeedMax Headband v3,Accessories,63.56,93.0,14.1,SpeedMax Headband v3,Accessories,SpeedMax,63.56,14.1,111.0,3.7,272,SR-ACC-0078,False,28,México,Puebla,Independent,Carmen Vallejo,SpeedMax Headband v3,México,Distributor,confirmed,14.1,5911.08,Medio,2024,2,5,Mayo,2024-05,0,0,True,True,0.0,0.0,OK,True
159,50,2024-05-12,confirmed,Distributor,6,4,61,AthletX Sport Backpack v1,Accessories,63.82,55.0,5.6,AthletX Sport Backpack v1,Accessories,AthletX,63.82,5.6,101.0,2.9,57,SR-ACC-0061,False,28,México,Puebla,Independent,Carmen Vallejo,AthletX Sport Backpack v1,México,Distributor,confirmed,5.6,3510.1,Medio,2024,2,5,Mayo,2024-05,0,0,True,True,0.0,0.0,OK,True
159,50,2024-05-12,confirmed,Distributor,6,5,5,SportRetail Pro Running Shoes v5,Footwear,135.77,47.0,8.6,SportRetail Pro Running Shoes v5,Footwear,SportRetail Pro,135.77,8.6,135.0,4.5,757,SR-FOO-0005,False,28,México,Puebla,Independent,Carmen Vallejo,SportRetail Pro Running Shoes v5,México,Distributor,confirmed,8.6,6381.1900000000005,Medio,2024,2,5,Mayo,2024-05,0,0,True,True,0.0,0.0,OK,True
159,50,2024-05-12,confirmed,Distributor,6,6,23,SpeedMax Football Boots v3,Footwear,82.23,11.0,5.6,SpeedMax Football Boots v3,Footwear,SpeedMax,82.23,5.6,173.0,2.6,577,SR-FOO-0023,False,28,México,Puebla,Independent,Carmen Vallejo,SpeedMax Football Boots v3,México,Distributor,confirmed,5.6,904.5300000000001,Medio,2024,2,5,Mayo,2024-05,0,0,True,True,0.0,0.0,OK,True
160,40,2024-08-25,delivered,Distributor,3,1,108,UrbanSport Foam Roller v3,Equipment,56.41,94.0,20.4,UrbanSport Foam Roller v3,Equipment,UrbanSport,56.41,20.4,496.0,2.7,366,SR-EQU-0108,False,51,Colombia,Cali,Department Store,Luis Flórez,UrbanSport Foam Roller v3,Colombia,Distributor,delivered,20.4,5302.54,Medio,2024,3,8,Agosto,2024-08,1,0,True,True,0.0,0.0,OK,True
160,40,2024-08-25,delivered,Distributor,3,2,63,AthletX Sport Backpack v3,Accessories,62.48,116.0,0.1,AthletX Sport Backpack v3,Accessories,AthletX,62.48,0.1,384.0,4.7,119,SR-ACC-0063,False,51,Colombia,Cali,Department Store,Luis Flórez,AthletX Sport Backpack v3,Colombia,Distributor,delivered,0.1,7247.679999999999,Medio,2024,3,8,Agosto,2024-08,1,0,True,True,0.0,0.0,OK,True
160,40,2024-08-25,delivered,Distributor,3,3,110,UrbanSport Foam Roller v5,Equipment,18.49,43.0,2.2,UrbanSport Foam Roller v5,Equipment,UrbanSport,18.49,2.2,129.0,3.3,423,SR-EQU-0110,False,51,Colombia,Cali,Department Store,Luis Flórez,UrbanSport Foam Roller v5,Colombia,Distributor,delivered,2.2,795.0699999999999,Económico,2024,3,8,Agosto,2024-08,1,0,True,True,0.0,0.0,OK,True
161,94,2024-01-17,delivered,Direct Sales,4,1,78,SpeedMax Headband v3,Accessories,63.56,61.0,14.1,SpeedMax Headband v3,Accessories,SpeedMax,63.56,14.1,111.0,3.7,272,SR-ACC-0078,False,50,Perú,Arequipa,Online Retailer,María José Cerdá,SpeedMax Headband v3,Perú,Direct Sales,delivered,14.1,3877.1600000000003,Medio,2024,1,1,Enero,2024-01,1,0,True,True,0.0,0.0,OK,True
161,94,2024-01-17,delivered,Direct Sales,4,2,83,SpeedMax Gym Bag v3,Accessories,75.79,110.0,2.6,SpeedMax Gym Bag v3,Accessories,SpeedMax,75.79,2.6,491.0,3.4,480,SR-ACC-0083,False,50,Perú,Arequipa,Online Retailer,María José Cerdá,SpeedMax Gym Bag v3,Perú,Direct Sales,delivered,2.6,8336.900000000001,Medio,2024,1,1,Enero,2024-01,1,0,True,True,0.0,0.0,OK,True
161,94,2024-01-17,delivered,Direct Sales,4,3,12,AthletX Training Shoes v2,Footwear,222.62,67.0,13.5,AthletX Training Shoes v2,Footwear,AthletX,222.62,13.5,382.0,4.0,607,SR-FOO-0012,False,50,Perú,Arequipa,Online Retailer,María José Cerdá,AthletX Training Shoes v2,Perú,Direct Sales,delivered,13.5,14915.54,Premium,2024,1,1,Enero,2024-01,1,0,True,True,0.0,0.0,OK,True
161,94,2024-01-17,delivered,Direct Sales,4,4,25,PowerEdge Football Boots v5,Footwear,164.22,116.0,13.5,PowerEdge Football Boots v5,Footwear,PowerEdge,164.22,13.5,370.0,4.8,594,SR-FOO-0025,False,50,Perú,Arequipa,Online Retailer,María José Cerdá,PowerEdge Football Boots v5,Perú,Direct Sales,delivered,13.5,19049.52,Medio,2024,1,1,Enero,2024-01,1,0,True,True,0.0,0.0,Revenue extremo por IQR,True
162,40,2024-05-12,delivered,E-commerce B2B,6,1,65,PowerEdge Sport Backpack v5,Accessories,52.49,117.0,14.0,PowerEdge Sport Backpack v5,Accessories,PowerEdge,52.49,14.0,162.0,4.9,463,SR-ACC-0065,False,51,Colombia,Cali,Department Store,Luis Flórez,PowerEdge Sport Backpack v5,Colombia,E-commerce B2B,delivered,14.0,6141.33,Medio,2024,2,5,Mayo,2024-05,1,0,True,True,0.0,0.0,OK,True
162,40,2024-05-12,delivered,E-commerce B2B,6,2,52,UrbanSport Football Jersey v2,Apparel,56.43,27.0,0.7,UrbanSport Football Jersey v2,Apparel,UrbanSport,56.43,0.7,449.0,4.9,192,SR-APP-0052,False,51,Colombia,Cali,Department Store,Luis Flórez,UrbanSport Football Jersey v2,Colombia,E-commerce B2B,delivered,0.7,1523.61,Medio,2024,2,5,Mayo,2024-05,1,0,True,True,0.0,0.0,OK,True
162,40,2024-05-12,delivered,E-commerce B2B,6,3,18,CoreFit Slides v3,Footwear,226.56,111.0,13.5,CoreFit Slides v3,Footwear,CoreFit,226.56,13.5,398.0,4.8,10,SR-FOO-0018,False,51,Colombia,Cali,Department Store,Luis Flórez,CoreFit Slides v3,Colombia,E-commerce B2B,delivered,13.5,25148.16,Premium,2024,2,5,Mayo,2024-05,1,0,True,True,0.0,0.0,Revenue extremo por IQR,True
162,40,2024-05-12,delivered,E-commerce B2B,6,4,100,PowerEdge Jump Rope v5,Equipment,22.71,12.0,6.0,PowerEdge Jump Rope v5,Equipment,PowerEdge,22.71,6.0,282.0,2.7,12,SR-EQU-0100,False,51,Colombia,Cali,Department Store,Luis Flórez,PowerEdge Jump Rope v5,Colombia,E-commerce B2B,delivered,6.0,272.52,Económico,2024,2,5,Mayo,2024-05,1,0,True,True,0.0,0.0,OK,True
162,40,2024-05-12,delivered,E-commerce B2B,6,5,109,SportRetail Pro Foam Roller v4,Equipment,96.48,63.0,8.2,SportRetail Pro Foam Roller v4,Equipment,SportRetail Pro,96.48,8.2,355.0,3.7,688,SR-EQU-0109,False,51,Colombia,Cali,Department Store,Luis Flórez,SportRetail Pro Foam Roller v4,Colombia,E-commerce B2B,delivered,8.2,6078.240000000001,Medio,2024,2,5,Mayo,2024-05,1,0,True,True,0.0,0.0,OK,True
162,40,2024-05-12,delivered,E-commerce B2B,6,6,68,PowerEdge Water Bottle v3,Accessories,32.86,51.0,6.8,PowerEdge Water Bottle v3,Accessories,PowerEdge,32.86,6.8,163.0,4.7,92,SR-ACC-0068,False,51,Colombia,Cali,Department Store,Luis Flórez,PowerEdge Water Bottle v3,Colombia,E-commerce B2B,delivered,6.8,1675.86,Económico,2024,2,5,Mayo,2024-05,1,0,True,True,0.0,0.0,OK,True
163,51,2024-02-10,confirmed,Direct Sales,6,1,119,UrbanSport Agility Ladder v4,Equipment,50.83,67.0,23.3,UrbanSport Agility Ladder v4,Equipment,UrbanSport,50.83,23.3,445.0,3.0,724,SR-EQU-0119,False,45,Colombia,Cali,Online Retailer,Luz Villamizar,UrbanSport Agility Ladder v4,Colombia,Direct Sales,confirmed,23.3,3405.6099999999997,Medio,2024,1,2,Febrero,2024-02,0,0,True,True,0.0,0.0,OK,True
163,51,2024-02-10,confirmed,Direct Sales,6,2,16,CoreFit Slides v1,Footwear,152.82,27.0,11.3,CoreFit Slides v1,Footwear,CoreFit,152.82,11.3,488.0,4.3,746,SR-FOO-0016,False,45,Colombia,Cali,Online Retailer,Luz Villamizar,CoreFit Slides v1,Colombia,Direct Sales,confirmed,11.3,4126.139999999999,Medio,2024,1,2,Febrero,2024-02,0,0,True,True,0.0,0.0,OK,True
163,51,2024-02-10,confirmed,Direct Sales,6,3,88,SportRetail Pro Sport Socks v3,Accessories,29.31,65.0,10.2,SportRetail Pro Sport Socks v3,Accessories,SportRetail Pro,29.31,10.2,284.0,4.4,717,SR-ACC-0088,False,45,Colombia,Cali,Online Retailer,Luz Villamizar,SportRetail Pro Sport Socks v3,Colombia,Direct Sales,confirmed,10.2,1905.1499999999999,Económico,2024,1,2,Febrero,2024-02,0,0,True,True,0.0,0.0,OK,True
163,51,2024-02-10,confirmed,Direct Sales,6,4,4,AthletX Running Shoes v4,Footwear,212.08,49.0,8.5,AthletX Running Shoes v4,Footwear,AthletX,212.08,8.5,79.0,3.0,791,SR-FOO-0004,False,45,Colombia,Cali,Online Retailer,Luz Villamizar,AthletX Running Shoes v4,Colombia,Direct Sales,confirmed,8.5,10391.92,Premium,2024,1,2,Febrero,2024-02,0,0,True,True,0.0,0.0,OK,True
163,51,2024-02-10,confirmed,Direct Sales,6,5,31,SportRetail Pro Performance T-Shirt v1,Apparel,38.11,112.0,0.1,SportRetail Pro Performance T-Shirt v1,Apparel,SportRetail Pro,38.11,0.1,199.0,3.2,475,SR-APP-0031,False,45,Colombia,Cali,Online Retailer,Luz Villamizar,SportRetail Pro Performance T-Shirt v1,Colombia,Direct Sales,confirmed,0.1,4268.32,Económico,2024,1,2,Febrero,2024-02,0,0,True,True,0.0,0.0,OK,True
163,51,2024-02-10,confirmed,Direct Sales,6,6,48,SpeedMax Compression Tights v3,Apparel,22.73,100.0,18.4,SpeedMax Compression Tights v3,Apparel,SpeedMax,22.73,18.4,170.0,4.5,431,SR-APP-0048,False,45,Colombia,Cali,Online Retailer,Luz Villamizar,SpeedMax Compression Tights v3,Colombia,Direct Sales,confirmed,18.4,2273.0,Económico,2024,1,2,Febrero,2024-02,0,0,True,True,0.0,0.0,OK,True
164,21,2024-03-21,confirmed,Direct Sales,5,1,100,PowerEdge Jump Rope v5,Equipment,22.71,33.0,6.0,PowerEdge Jump Rope v5,Equipment,PowerEdge,22.71,6.0,282.0,2.7,12,SR-EQU-0100,False,28,México,Puebla,Superstore,Luis Manuel Venegas,PowerEdge Jump Rope v5,México,Direct Sales,confirmed,6.0,749.4300000000001,Económico,2024,1,3,Marzo,2024-03,0,0,True,True,0.0,0.0,OK,True
164,21,2024-03-21,confirmed,Direct Sales,5,2,28,SportRetail Pro Tennis Shoes v3,Footwear,110.95,39.0,4.8,SportRetail Pro Tennis Shoes v3,Footwear,SportRetail Pro,110.95,4.8,229.0,2.9,197,SR-FOO-0028,False,28,México,Puebla,Superstore,Luis Manuel Venegas,SportRetail Pro Tennis Shoes v3,México,Direct Sales,confirmed,4.8,4327.05,Medio,2024,1,3,Marzo,2024-03,0,0,True,True,0.0,0.0,OK,True
164,21,2024-03-21,confirmed,Direct Sales,5,3,110,UrbanSport Foam Roller v5,Equipment,18.49,70.0,2.2,UrbanSport Foam Roller v5,Equipment,UrbanSport,18.49,2.2,129.0,3.3,423,SR-EQU-0110,False,28,México,Puebla,Superstore,Luis Manuel Venegas,UrbanSport Foam Roller v5,México,Direct Sales,confirmed,2.2,1294.3,Económico,2024,1,3,Marzo,2024-03,0,0,True,True,0.0,0.0,OK,True
164,21,2024-03-21,confirmed,Direct Sales,5,4,29,SportRetail Pro Tennis Shoes v4,Footwear,154.7,104.0,21.5,SportRetail Pro Tennis Shoes v4,Footwear,SportRetail Pro,154.7,21.5,281.0,2.7,677,SR-FOO-0029,False,28,México,Puebla,Superstore,Luis Manuel Venegas,SportRetail Pro Tennis Shoes v4,México,Direct Sales,confirmed,21.5,16088.8,Medio,2024,1,3,Marzo,2024-03,0,0,True,True,0.0,0.0,OK,True
164,21,2024-03-21,confirmed,Direct Sales,5,5,83,SpeedMax Gym Bag v3,Accessories,75.79,,2.6,SpeedMax Gym Bag v3,Accessories,SpeedMax,75.79,2.6,491.0,3.4,480,SR-ACC-0083,False,28,México,Puebla,Superstore,Luis Manuel Venegas,SpeedMax Gym Bag v3,México,Direct Sales,confirmed,2.6,,Medio,2024,1,3,Marzo,2024-03,0,0,True,True,0.0,0.0,Cantidad nula,False
165,29,2024-06-15,shipped,Distributor,3,1,78,SpeedMax Headband v3,Accessories,63.56,96.0,14.1,SpeedMax Headband v3,Accessories,SpeedMax,63.56,14.1,111.0,3.7,272,SR-ACC-0078,False,35,Argentina,Córdoba,Superstore,Maria Paz Martin,SpeedMax Headband v3,Argentina,Distributor,shipped,14.1,6101.76,Medio,2024,2,6,Junio,2024-06,0,0,True,True,0.0,0.0,OK,True
165,29,2024-06-15,shipped,Distributor,3,2,104,UrbanSport Yoga Mat v4,Equipment,102.51,87.0,11.0,UrbanSport Yoga Mat v4,Equipment,UrbanSport,102.51,11.0,239.0,4.2,726,SR-EQU-0104,False,35,Argentina,Córdoba,Superstore,Maria Paz Martin,UrbanSport Yoga Mat v4,Argentina,Distributor,shipped,11.0,8918.37,Medio,2024,2,6,Junio,2024-06,0,0,True,True,0.0,0.0,OK,True
165,29,2024-06-15,shipped,Distributor,3,3,40,PowerEdge Training Shorts v5,Apparel,78.18,119.0,16.7,PowerEdge Training Shorts v5,Apparel,PowerEdge,78.18,16.7,283.0,3.2,689,SR-APP-0040,False,35,Argentina,Córdoba,Superstore,Maria Paz Martin,PowerEdge Training Shorts v5,Argentina,Distributor,shipped,16.7,9303.42,Medio,2024,2,6,Junio,2024-06,0,0,True,True,0.0,0.0,OK,True
166,39,2024-06-09,delivered,Distributor,6,1,67,AthletX Water Bottle v2,Accessories,77.19,5.0,6.9,AthletX Water Bottle v2,Accessories,AthletX,77.19,6.9,398.0,3.8,651,SR-ACC-0067,False,24,México,Tijuana,Superstore,Emilia Jaramillo,AthletX Water Bottle v2,México,Distributor,delivered,6.9,385.95,Medio,2024,2,6,Junio,2024-06,1,0,True,True,0.0,0.0,OK,True
166,39,2024-06-09,delivered,Distributor,6,2,106,SportRetail Pro Foam Roller v1,Equipment,36.75,89.0,16.9,SportRetail Pro Foam Roller v1,Equipment,SportRetail Pro,36.75,16.9,440.0,3.9,31,SR-EQU-0106,False,24,México,Tijuana,Superstore,Emilia Jaramillo,SportRetail Pro Foam Roller v1,México,Distributor,delivered,16.9,3270.75,Económico,2024,2,6,Junio,2024-06,1,0,True,True,0.0,0.0,OK,True
166,39,2024-06-09,delivered,Distributor,6,3,80,CoreFit Headband v5,Accessories,56.06,112.0,22.7,CoreFit Headband v5,Accessories,CoreFit,56.06,22.7,192.0,3.5,742,SR-ACC-0080,False,24,México,Tijuana,Superstore,Emilia Jaramillo,CoreFit Headband v5,México,Distributor,delivered,22.7,6278.72,Medio,2024,2,6,Junio,2024-06,1,0,True,True,0.0,0.0,OK,True
166,39,2024-06-09,delivered,Distributor,6,4,51,CoreFit Football Jersey v1,Apparel,115.08,87.0,24.2,CoreFit Football Jersey v1,Apparel,CoreFit,115.08,24.2,142.0,3.4,531,SR-APP-0051,False,24,México,Tijuana,Superstore,Emilia Jaramillo,CoreFit Football Jersey v1,México,Distributor,delivered,24.2,10011.96,Medio,2024,2,6,Junio,2024-06,1,0,True,True,0.0,0.0,OK,True
166,39,2024-06-09,delivered,Distributor,6,5,75,CoreFit Cap v5,Accessories,26.93,41.0,8.2,CoreFit Cap v5,Accessories,CoreFit,26.93,8.2,389.0,4.7,294,SR-ACC-0075,False,24,México,Tijuana,Superstore,Emilia Jaramillo,CoreFit Cap v5,México,Distributor,delivered,8.2,1104.1299999999999,Económico,2024,2,6,Junio,2024-06,1,0,True,True,0.0,0.0,OK,True
166,39,2024-06-09,delivered,Distributor,6,6,14,SpeedMax Training Shoes v4,Footwear,189.19,18.0,9.6,SpeedMax Training Shoes v4,Footwear,SpeedMax,189.19,9.6,305.0,5.0,551,SR-FOO-0014,False,24,México,Tijuana,Superstore,Emilia Jaramillo,SpeedMax Training Shoes v4,México,Distributor,delivered,9.6,3405.42,Medio,2024,2,6,Junio,2024-06,1,0,True,True,0.0,0.0,OK,True
167,34,2024-08-10,shipped,Distributor,6,1,92,AthletX Resistance Bands v2,Equipment,35.56,71.0,12.1,AthletX Resistance Bands v2,Equipment,AthletX,35.56,12.1,370.0,4.0,788,SR-EQU-0092,False,30,México,Ciudad de México,Sports Chain,Lorena Zelaya,AthletX Resistance Bands v2,México,Distributor,shipped,12.1,2524.76,Económico,2024,3,8,Agosto,2024-08,0,0,True,True,0.0,0.0,OK,True
167,34,2024-08-10,shipped,Distributor,6,2,115,PowerEdge Training Gloves v5,Equipment,42.73,120.0,17.6,PowerEdge Training Gloves v5,Equipment,PowerEdge,42.73,17.6,212.0,4.6,493,SR-EQU-0115,False,30,México,Ciudad de México,Sports Chain,Lorena Zelaya,PowerEdge Training Gloves v5,México,Distributor,shipped,17.6,5127.599999999999,Económico,2024,3,8,Agosto,2024-08,0,0,True,True,0.0,0.0,OK,True
167,34,2024-08-10,shipped,Distributor,6,3,84,PowerEdge Gym Bag v4,Accessories,51.74,114.0,16.3,PowerEdge Gym Bag v4,Accessories,PowerEdge,51.74,16.3,315.0,4.5,561,SR-ACC-0084,False,30,México,Ciudad de México,Sports Chain,Lorena Zelaya,PowerEdge Gym Bag v4,México,Distributor,shipped,16.3,5898.360000000001,Medio,2024,3,8,Agosto,2024-08,0,0,True,True,0.0,0.0,OK,True
167,34,2024-08-10,shipped,Distributor,6,4,39,SportRetail Pro Training Shorts v4,Apparel,116.72,81.0,9.2,SportRetail Pro Training Shorts v4,Apparel,SportRetail Pro,116.72,9.2,80.0,3.6,566,SR-APP-0039,False,30,México,Ciudad de México,Sports Chain,Lorena Zelaya,SportRetail Pro Training Shorts v4,México,Distributor,shipped,9.2,9454.32,Medio,2024,3,8,Agosto,2024-08,0,0,True,True,0.0,0.0,OK,True
167,34,2024-08-10,shipped,Distributor,6,5,25,PowerEdge Football Boots v5,Footwear,164.22,45.0,13.5,PowerEdge Football Boots v5,Footwear,PowerEdge,164.22,13.5,370.0,4.8,594,SR-FOO-0025,False,30,México,Ciudad de México,Sports Chain,Lorena Zelaya,PowerEdge Football Boots v5,México,Distributor,shipped,13.5,7389.9,Medio,2024,3,8,Agosto,2024-08,0,0,True,True,0.0,0.0,OK,True
167,34,2024-08-10,shipped,Distributor,6,6,20,SportRetail Pro Slides v5,Footwear,74.27,97.0,12.1,SportRetail Pro Slides v5,Footwear,SportRetail Pro,74.27,12.1,35.0,4.9,555,SR-FOO-0020,False,30,México,Ciudad de México,Sports Chain,Lorena Zelaya,SportRetail Pro Slides v5,México,Distributor,shipped,12.1,7204.19,Medio,2024,3,8,Agosto,2024-08,0,0,True,True,0.0,0.0,OK,True
168,52,2024-11-12,delivered,Direct Sales,4,1,95,SportRetail Pro Resistance Bands v5,Equipment,69.54,78.0,11.7,SportRetail Pro Resistance Bands v5,Equipment,SportRetail Pro,69.54,11.7,225.0,3.4,62,SR-EQU-0095,False,27,Perú,Lima,Department Store,Cándido Trujillo,SportRetail Pro Resistance Bands v5,Perú,Direct Sales,delivered,11.7,5424.120000000001,Medio,2024,4,11,Noviembre,2024-11,1,0,True,True,0.0,0.0,OK,True
168,52,2024-11-12,delivered,Direct Sales,4,2,5,SportRetail Pro Running Shoes v5,Footwear,135.77,48.0,8.6,SportRetail Pro Running Shoes v5,Footwear,SportRetail Pro,135.77,8.6,135.0,4.5,757,SR-FOO-0005,False,27,Perú,Lima,Department Store,Cándido Trujillo,SportRetail Pro Running Shoes v5,Perú,Direct Sales,delivered,8.6,6516.960000000001,Medio,2024,4,11,Noviembre,2024-11,1,0,True,True,0.0,0.0,OK,True
168,52,2024-11-12,delivered,Direct Sales,4,3,75,CoreFit Cap v5,Accessories,26.93,33.0,8.2,CoreFit Cap v5,Accessories,CoreFit,26.93,8.2,389.0,4.7,294,SR-ACC-0075,False,27,Perú,Lima,Department Store,Cándido Trujillo,CoreFit Cap v5,Perú,Direct Sales,delivered,8.2,888.6899999999999,Económico,2024,4,11,Noviembre,2024-11,1,0,True,True,0.0,0.0,OK,True
168,52,2024-11-12,delivered,Direct Sales,4,4,91,CoreFit Resistance Bands v1,Equipment,36.9,86.0,18.0,CoreFit Resistance Bands v1,Equipment,CoreFit,36.9,18.0,161.0,2.8,558,SR-EQU-0091,False,27,Perú,Lima,Department Store,Cándido Trujillo,CoreFit Resistance Bands v1,Perú,Direct Sales,delivered,18.0,3173.4,Económico,2024,4,11,Noviembre,2024-11,1,0,True,True,0.0,0.0,OK,True
169,85,2024-04-24,delivered,Distributor,5,1,24,SportRetail Pro Football Boots v4,Footwear,214.26,99.0,1.5,SportRetail Pro Football Boots v4,Footwear,SportRetail Pro,214.26,1.5,34.0,4.8,348,SR-FOO-0024,False,47,Colombia,Barranquilla,Online Retailer,Lucía Barrios,SportRetail Pro Football Boots v4,Colombia,Distributor,delivered,1.5,21211.739999999998,Premium,2024,2,4,Abril,2024-04,1,0,True,True,0.0,0.0,Revenue extremo por IQR,True
169,85,2024-04-24,delivered,Distributor,5,2,38,UrbanSport Training Shorts v3,Apparel,129.83,108.0,24.9,UrbanSport Training Shorts v3,Apparel,UrbanSport,129.83,24.9,37.0,3.8,528,SR-APP-0038,False,47,Colombia,Barranquilla,Online Retailer,Lucía Barrios,UrbanSport Training Shorts v3,Colombia,Distributor,delivered,24.9,14021.640000000001,Medio,2024,2,4,Abril,2024-04,1,0,True,True,0.0,0.0,OK,True
169,85,2024-04-24,delivered,Distributor,5,3,13,AthletX Training Shoes v3,Footwear,169.64,28.0,2.3,AthletX Training Shoes v3,Footwear,AthletX,169.64,2.3,24.0,4.7,166,SR-FOO-0013,False,47,Colombia,Barranquilla,Online Retailer,Lucía Barrios,AthletX Training Shoes v3,Colombia,Distributor,delivered,2.3,4749.92,Medio,2024,2,4,Abril,2024-04,1,0,True,True,0.0,0.0,OK,True
169,85,2024-04-24,delivered,Distributor,5,4,61,AthletX Sport Backpack v1,Accessories,63.82,120.0,5.6,AthletX Sport Backpack v1,Accessories,AthletX,63.82,5.6,101.0,2.9,57,SR-ACC-0061,False,47,Colombia,Barranquilla,Online Retailer,Lucía Barrios,AthletX Sport Backpack v1,Colombia,Distributor,delivered,5.6,7658.4,Medio,2024,2,4,Abril,2024-04,1,0,True,True,0.0,0.0,OK,True
169,85,2024-04-24,delivered,Distributor,5,5,17,AthletX Slides v2,Footwear,169.23,16.0,2.7,AthletX Slides v2,Footwear,AthletX,169.23,2.7,320.0,3.2,664,SR-FOO-0017,False,47,Colombia,Barranquilla,Online Retailer,Lucía Barrios,AthletX Slides v2,Colombia,Distributor,delivered,2.7,2707.68,Medio,2024,2,4,Abril,2024-04,1,0,True,True,0.0,0.0,OK,True
170,43,2024-10-03,delivered,Direct Sales,3,1,34,UrbanSport Performance T-Shirt v4,Apparel,37.32,64.0,24.0,UrbanSport Performance T-Shirt v4,Apparel,UrbanSport,37.32,24.0,41.0,4.6,80,SR-APP-0034,False,27,Chile,Santiago,Sports Chain,Arturo Rodríguez,UrbanSport Performance T-Shirt v4,Chile,Direct Sales,delivered,24.0,2388.48,Económico,2024,4,10,Octubre,2024-10,1,0,True,True,0.0,0.0,OK,True
170,43,2024-10-03,delivered,Direct Sales,3,2,75,CoreFit Cap v5,Accessories,26.93,65.0,8.2,CoreFit Cap v5,Accessories,CoreFit,26.93,8.2,389.0,4.7,294,SR-ACC-0075,False,27,Chile,Santiago,Sports Chain,Arturo Rodríguez,CoreFit Cap v5,Chile,Direct Sales,delivered,8.2,1750.45,Económico,2024,4,10,Octubre,2024-10,1,0,True,True,0.0,0.0,OK,True
170,43,2024-10-03,delivered,Direct Sales,3,3,38,UrbanSport Training Shorts v3,Apparel,129.83,86.0,24.9,UrbanSport Training Shorts v3,Apparel,UrbanSport,129.83,24.9,37.0,3.8,528,SR-APP-0038,False,27,Chile,Santiago,Sports Chain,Arturo Rodríguez,UrbanSport Training Shorts v3,Chile,Direct Sales,delivered,24.9,11165.380000000001,Medio,2024,4,10,Octubre,2024-10,1,0,True,True,0.0,0.0,OK,True
171,65,2024-05-14,confirmed,Direct Sales,1,1,112,PowerEdge Training Gloves v2,Equipment,56.99,92.0,1.3,PowerEdge Training Gloves v2,Equipment,PowerEdge,56.99,1.3,136.0,3.9,304,SR-EQU-0112,False,47,Argentina,Tucumán,Department Store,Josefina Duarte,PowerEdge Training Gloves v2,Argentina,Direct Sales,confirmed,1.3,5243.08,Medio,2024,2,5,Mayo,2024-05,0,0,True,True,0.0,0.0,OK,True
172,18,2024-12-06,delivered,Distributor,2,1,44,PowerEdge Track Jacket v4,Apparel,67.05,77.0,0.2,PowerEdge Track Jacket v4,Apparel,PowerEdge,67.05,0.2,38.0,4.9,717,SR-APP-0044,False,53,Argentina,Rosario,Sports Chain,Delfina Maldonado,PowerEdge Track Jacket v4,Argentina,Distributor,delivered,0.2,5162.849999999999,Medio,2024,4,12,Diciembre,2024-12,1,0,True,True,0.0,0.0,OK,True
172,18,2024-12-06,delivered,Distributor,2,2,53,SportRetail Pro Football Jersey v3,Apparel,31.92,63.0,10.9,SportRetail Pro Football Jersey v3,Apparel,SportRetail Pro,31.92,10.9,373.0,4.5,456,SR-APP-0053,False,53,Argentina,Rosario,Sports Chain,Delfina Maldonado,SportRetail Pro Football Jersey v3,Argentina,Distributor,delivered,10.9,2010.96,Económico,2024,4,12,Diciembre,2024-12,1,0,True,True,0.0,0.0,OK,True
173,43,2024-07-14,cancelled,Distributor,6,1,23,SpeedMax Football Boots v3,Footwear,82.23,40.0,5.6,SpeedMax Football Boots v3,Footwear,SpeedMax,82.23,5.6,173.0,2.6,577,SR-FOO-0023,False,27,Chile,Santiago,Sports Chain,Arturo Rodríguez,SpeedMax Football Boots v3,Chile,Distributor,cancelled,5.6,3289.2000000000003,Medio,2024,3,7,Julio,2024-07,0,1,True,True,0.0,0.0,OK,True
173,43,2024-07-14,cancelled,Distributor,6,2,41,CoreFit Track Jacket v1,Apparel,32.7,104.0,2.7,CoreFit Track Jacket v1,Apparel,CoreFit,32.7,2.7,283.0,2.9,298,SR-APP-0041,False,27,Chile,Santiago,Sports Chain,Arturo Rodríguez,CoreFit Track Jacket v1,Chile,Distributor,cancelled,2.7,3400.8,Económico,2024,3,7,Julio,2024-07,0,1,True,True,0.0,0.0,OK,True
173,43,2024-07-14,cancelled,Distributor,6,3,82,UrbanSport Gym Bag v2,Accessories,72.61,102.0,8.7,UrbanSport Gym Bag v2,Accessories,UrbanSport,72.61,8.7,219.0,4.2,80,SR-ACC-0082,False,27,Chile,Santiago,Sports Chain,Arturo Rodríguez,UrbanSport Gym Bag v2,Chile,Distributor,cancelled,8.7,7406.22,Medio,2024,3,7,Julio,2024-07,0,1,True,True,0.0,0.0,OK,True
173,43,2024-07-14,cancelled,Distributor,6,4,8,CoreFit Basketball Shoes v3,Footwear,91.6,105.0,8.9,CoreFit Basketball Shoes v3,Footwear,CoreFit,91.6,8.9,343.0,3.2,709,SR-FOO-0008,False,27,Chile,Santiago,Sports Chain,Arturo Rodríguez,CoreFit Basketball Shoes v3,Chile,Distributor,cancelled,8.9,9618.0,Medio,2024,3,7,Julio,2024-07,0,1,True,True,0.0,0.0,OK,True
173,43,2024-07-14,cancelled,Distributor,6,5,1,PowerEdge Running Shoes v1,Footwear,80.05,16.0,18.5,PowerEdge Running Shoes v1,Footwear,PowerEdge,80.05,18.5,125.0,3.1,764,SR-FOO-0001,False,27,Chile,Santiago,Sports Chain,Arturo Rodríguez,PowerEdge Running Shoes v1,Chile,Distributor,cancelled,18.5,1280.8,Medio,2024,3,7,Julio,2024-07,0,1,True,True,0.0,0.0,OK,True
173,43,2024-07-14,cancelled,Distributor,6,6,58,AthletX Sports Bra v3,Apparel,87.71,60.0,7.5,AthletX Sports Bra v3,Apparel,AthletX,87.71,7.5,280.0,4.6,321,SR-APP-0058,False,27,Chile,Santiago,Sports Chain,Arturo Rodríguez,AthletX Sports Bra v3,Chile,Distributor,cancelled,7.5,5262.599999999999,Medio,2024,3,7,Julio,2024-07,0,1,True,True,0.0,0.0,OK,True
174,1,2024-01-11,delivered,E-commerce B2B,1,1,69,PowerEdge Water Bottle v4,Accessories,22.22,30.0,5.3,PowerEdge Water Bottle v4,Accessories,PowerEdge,22.22,5.3,212.0,3.5,565,SR-ACC-0069,False,44,Argentina,Tucumán,Sports Chain,Valentino Gomez,PowerEdge Water Bottle v4,Argentina,E-commerce B2B,delivered,5.3,666.5999999999999,Económico,2024,1,1,Enero,2024-01,1,0,True,True,0.0,0.0,OK,True
175,25,2024-04-08,delivered,Distributor,1,1,87,CoreFit Sport Socks v2,Accessories,37.23,5.0,22.0,CoreFit Sport Socks v2,Accessories,CoreFit,37.23,22.0,,4.7,579,SR-ACC-0087,False,44,Argentina,Tucumán,Independent,Agostina Ruiz,CoreFit Sport Socks v2,Argentina,Distributor,delivered,22.0,186.14999999999998,Económico,2024,2,4,Abril,2024-04,1,0,True,True,0.0,0.0,Inventario nulo,True
176,40,2024-01-10,cancelled,Distributor,2,1,14,SpeedMax Training Shoes v4,Footwear,189.19,69.0,9.6,SpeedMax Training Shoes v4,Footwear,SpeedMax,189.19,9.6,305.0,5.0,551,SR-FOO-0014,False,51,Colombia,Cali,Department Store,Luis Flórez,SpeedMax Training Shoes v4,Colombia,Distributor,cancelled,9.6,13054.11,Medio,2024,1,1,Enero,2024-01,0,1,True,True,0.0,0.0,OK,True
176,40,2024-01-10,cancelled,Distributor,2,2,50,SpeedMax Compression Tights v5,Apparel,58.46,26.0,20.5,SpeedMax Compression Tights v5,Apparel,SpeedMax,58.46,20.5,446.0,3.1,34,SR-APP-0050,False,51,Colombia,Cali,Department Store,Luis Flórez,SpeedMax Compression Tights v5,Colombia,Distributor,cancelled,20.5,1519.96,Medio,2024,1,1,Enero,2024-01,0,1,True,True,0.0,0.0,OK,True
177,94,2024-04-08,delivered,Direct Sales,5,1,77,PowerEdge Headband v2,Accessories,13.22,92.0,0.8,PowerEdge Headband v2,Accessories,PowerEdge,13.22,0.8,126.0,3.0,30,SR-ACC-0077,False,50,Perú,Arequipa,Online Retailer,María José Cerdá,PowerEdge Headband v2,Perú,Direct Sales,delivered,0.8,1216.24,Económico,2024,2,4,Abril,2024-04,1,0,True,True,0.0,0.0,OK,True
177,94,2024-04-08,delivered,Direct Sales,5,2,68,PowerEdge Water Bottle v3,Accessories,32.86,48.0,6.8,PowerEdge Water Bottle v3,Accessories,PowerEdge,32.86,6.8,163.0,4.7,92,SR-ACC-0068,False,50,Perú,Arequipa,Online Retailer,María José Cerdá,PowerEdge Water Bottle v3,Perú,Direct Sales,delivered,6.8,1577.28,Económico,2024,2,4,Abril,2024-04,1,0,True,True,0.0,0.0,OK,True
177,94,2024-04-08,delivered,Direct Sales,5,3,44,PowerEdge Track Jacket v4,Apparel,67.05,67.0,0.2,PowerEdge Track Jacket v4,Apparel,PowerEdge,67.05,0.2,38.0,4.9,717,SR-APP-0044,False,50,Perú,Arequipa,Online Retailer,María José Cerdá,PowerEdge Track Jacket v4,Perú,Direct Sales,delivered,0.2,4492.349999999999,Medio,2024,2,4,Abril,2024-04,1,0,True,True,0.0,0.0,OK,True
177,94,2024-04-08,delivered,Direct Sales,5,4,56,CoreFit Sports Bra v1,Apparel,88.55,29.0,16.6,CoreFit Sports Bra v1,Apparel,CoreFit,88.55,16.6,63.0,4.3,317,SR-APP-0056,False,50,Perú,Arequipa,Online Retailer,María José Cerdá,CoreFit Sports Bra v1,Perú,Direct Sales,delivered,16.6,2567.95,Medio,2024,2,4,Abril,2024-04,1,0,True,True,0.0,0.0,OK,True
177,94,2024-04-08,delivered,Direct Sales,5,5,114,SpeedMax Training Gloves v4,Equipment,23.85,108.0,24.8,SpeedMax Training Gloves v4,Equipment,SpeedMax,23.85,24.8,467.0,2.8,130,SR-EQU-0114,False,50,Perú,Arequipa,Online Retailer,María José Cerdá,SpeedMax Training Gloves v4,Perú,Direct Sales,delivered,24.8,2575.8,Económico,2024,2,4,Abril,2024-04,1,0,True,True,0.0,0.0,OK,True
178,28,2024-01-02,delivered,Distributor,6,1,3,AthletX Running Shoes v3,Footwear,216.1,96.0,17.5,AthletX Running Shoes v3,Footwear,AthletX,216.1,17.5,214.0,3.1,613,SR-FOO-0003,False,25,Colombia,Bogotá,Sports Chain,Olga Benavides,AthletX Running Shoes v3,Colombia,Distributor,delivered,17.5,20745.6,Premium,2024,1,1,Enero,2024-01,1,0,True,True,0.0,0.0,Revenue extremo por IQR,True
178,28,2024-01-02,delivered,Distributor,6,2,76,CoreFit Headband v1,Accessories,76.79,9.0,11.8,CoreFit Headband v1,Accessories,CoreFit,76.79,11.8,383.0,3.8,368,SR-ACC-0076,False,25,Colombia,Bogotá,Sports Chain,Olga Benavides,CoreFit Headband v1,Colombia,Distributor,delivered,11.8,691.11,Medio,2024,1,1,Enero,2024-01,1,0,True,True,0.0,0.0,OK,True
178,28,2024-01-02,delivered,Distributor,6,3,65,PowerEdge Sport Backpack v5,Accessories,52.49,86.0,14.0,PowerEdge Sport Backpack v5,Accessories,PowerEdge,52.49,14.0,162.0,4.9,463,SR-ACC-0065,False,25,Colombia,Bogotá,Sports Chain,Olga Benavides,PowerEdge Sport Backpack v5,Colombia,Distributor,delivered,14.0,4514.14,Medio,2024,1,1,Enero,2024-01,1,0,True,True,0.0,0.0,OK,True
178,28,2024-01-02,delivered,Distributor,6,4,22,PowerEdge Football Boots v2,Footwear,210.22,73.0,17.8,PowerEdge Football Boots v2,Footwear,PowerEdge,210.22,17.8,204.0,5.0,675,SR-FOO-0022,False,25,Colombia,Bogotá,Sports Chain,Olga Benavides,PowerEdge Football Boots v2,Colombia,Distributor,delivered,17.8,15346.06,Premium,2024,1,1,Enero,2024-01,1,0,True,True,0.0,0.0,OK,True
178,28,2024-01-02,delivered,Distributor,6,5,16,CoreFit Slides v1,Footwear,152.82,81.0,11.3,CoreFit Slides v1,Footwear,CoreFit,152.82,11.3,488.0,4.3,746,SR-FOO-0016,False,25,Colombia,Bogotá,Sports Chain,Olga Benavides,CoreFit Slides v1,Colombia,Distributor,delivered,11.3,12378.42,Medio,2024,1,1,Enero,2024-01,1,0,True,True,0.0,0.0,OK,True
178,28,2024-01-02,delivered,Distributor,6,6,47,SpeedMax Compression Tights v2,Apparel,127.12,89.0,18.7,SpeedMax Compression Tights v2,Apparel,SpeedMax,127.12,18.7,473.0,4.8,176,SR-APP-0047,False,25,Colombia,Bogotá,Sports Chain,Olga Benavides,SpeedMax Compression Tights v2,Colombia,Distributor,delivered,18.7,11313.68,Medio,2024,1,1,Enero,2024-01,1,0,True,True,0.0,0.0,OK,True
179,57,2024-09-09,delivered,E-commerce B2B,4,1,16,CoreFit Slides v1,Footwear,152.82,94.0,11.3,CoreFit Slides v1,Footwear,CoreFit,152.82,11.3,488.0,4.3,746,SR-FOO-0016,False,41,México,Monterrey,Superstore,Margarita Pedroza,CoreFit Slides v1,México,E-commerce B2B,delivered,11.3,14365.08,Medio,2024,3,9,Septiembre,2024-09,1,0,True,True,0.0,0.0,OK,True
179,57,2024-09-09,delivered,E-commerce B2B,4,2,71,CoreFit Cap v1,Accessories,33.89,93.0,9.7,CoreFit Cap v1,Accessories,CoreFit,33.89,9.7,456.0,4.9,439,SR-ACC-0071,False,41,México,Monterrey,Superstore,Margarita Pedroza,CoreFit Cap v1,México,E-commerce B2B,delivered,9.7,3151.77,Económico,2024,3,9,Septiembre,2024-09,1,0,True,True,0.0,0.0,OK,True
179,57,2024-09-09,delivered,E-commerce B2B,4,3,33,UrbanSport Performance T-Shirt v3,Apparel,100.93,6.0,1.5,UrbanSport Performance T-Shirt v3,Apparel,UrbanSport,100.93,1.5,160.0,2.6,608,SR-APP-0033,False,41,México,Monterrey,Superstore,Margarita Pedroza,UrbanSport Performance T-Shirt v3,México,E-commerce B2B,delivered,1.5,605.58,Medio,2024,3,9,Septiembre,2024-09,1,0,True,True,0.0,0.0,OK,True
179,57,2024-09-09,delivered,E-commerce B2B,4,4,61,AthletX Sport Backpack v1,Accessories,63.82,89.0,5.6,AthletX Sport Backpack v1,Accessories,AthletX,63.82,5.6,101.0,2.9,57,SR-ACC-0061,False,41,México,Monterrey,Superstore,Margarita Pedroza,AthletX Sport Backpack v1,México,E-commerce B2B,delivered,5.6,5679.9800000000005,Medio,2024,3,9,Septiembre,2024-09,1,0,True,True,0.0,0.0,OK,True
180,18,2024-05-27,delivered,Direct Sales,4,1,107,CoreFit Foam Roller v2,Equipment,69.74,97.0,19.1,CoreFit Foam Roller v2,Equipment,CoreFit,69.74,19.1,89.0,3.7,677,SR-EQU-0107,False,53,Argentina,Rosario,Sports Chain,Delfina Maldonado,CoreFit Foam Roller v2,Argentina,Direct Sales,delivered,19.1,6764.78,Medio,2024,2,5,Mayo,2024-05,1,0,True,True,0.0,0.0,OK,True
180,18,2024-05-27,delivered,Direct Sales,4,2,116,SpeedMax Agility Ladder v1,Equipment,33.11,41.0,15.0,SpeedMax Agility Ladder v1,Equipment,SpeedMax,33.11,15.0,382.0,4.7,81,SR-EQU-0116,False,53,Argentina,Rosario,Sports Chain,Delfina Maldonado,SpeedMax Agility Ladder v1,Argentina,Direct Sales,delivered,15.0,1357.51,Económico,2024,2,5,Mayo,2024-05,1,0,True,True,0.0,0.0,OK,True
180,18,2024-05-27,delivered,Direct Sales,4,3,14,SpeedMax Training Shoes v4,Footwear,189.19,18.0,9.6,SpeedMax Training Shoes v4,Footwear,SpeedMax,189.19,9.6,305.0,5.0,551,SR-FOO-0014,False,53,Argentina,Rosario,Sports Chain,Delfina Maldonado,SpeedMax Training Shoes v4,Argentina,Direct Sales,delivered,9.6,3405.42,Medio,2024,2,5,Mayo,2024-05,1,0,True,True,0.0,0.0,OK,True
180,18,2024-05-27,delivered,Direct Sales,4,4,66,UrbanSport Water Bottle v1,Accessories,44.14,82.0,22.7,UrbanSport Water Bottle v1,Accessories,UrbanSport,44.14,22.7,228.0,4.7,771,SR-ACC-0066,False,53,Argentina,Rosario,Sports Chain,Delfina Maldonado,UrbanSport Water Bottle v1,Argentina,Direct Sales,delivered,22.7,3619.48,Económico,2024,2,5,Mayo,2024-05,1,0,True,True,0.0,0.0,OK,True
181,46,2024-02-25,delivered,E-commerce B2B,6,1,53,SportRetail Pro Football Jersey v3,Apparel,31.92,31.0,10.9,SportRetail Pro Football Jersey v3,Apparel,SportRetail Pro,31.92,10.9,373.0,4.5,456,SR-APP-0053,False,40,Perú,Piura,Superstore,Eligio Paz,SportRetail Pro Football Jersey v3,Perú,E-commerce B2B,delivered,10.9,989.5200000000001,Económico,2024,1,2,Febrero,2024-02,1,0,True,True,0.0,0.0,OK,True
181,46,2024-02-25,delivered,E-commerce B2B,6,2,38,UrbanSport Training Shorts v3,Apparel,129.83,66.0,24.9,UrbanSport Training Shorts v3,Apparel,UrbanSport,129.83,24.9,37.0,3.8,528,SR-APP-0038,False,40,Perú,Piura,Superstore,Eligio Paz,UrbanSport Training Shorts v3,Perú,E-commerce B2B,delivered,24.9,8568.78,Medio,2024,1,2,Febrero,2024-02,1,0,True,True,0.0,0.0,OK,True
181,46,2024-02-25,delivered,E-commerce B2B,6,3,21,SpeedMax Football Boots v1,Footwear,268.04,,4.1,SpeedMax Football Boots v1,Footwear,SpeedMax,268.04,4.1,270.0,4.7,443,SR-FOO-0021,False,40,Perú,Piura,Superstore,Eligio Paz,SpeedMax Football Boots v1,Perú,E-commerce B2B,delivered,4.1,,Premium,2024,1,2,Febrero,2024-02,1,0,True,True,0.0,0.0,Cantidad nula,False
181,46,2024-02-25,delivered,E-commerce B2B,6,4,6,SpeedMax Basketball Shoes v1,Footwear,72.73,16.0,7.3,SpeedMax Basketball Shoes v1,Footwear,SpeedMax,72.73,7.3,321.0,4.0,380,SR-FOO-0006,False,40,Perú,Piura,Superstore,Eligio Paz,SpeedMax Basketball Shoes v1,Perú,E-commerce B2B,delivered,7.3,1163.68,Medio,2024,1,2,Febrero,2024-02,1,0,True,True,0.0,0.0,OK,True
181,46,2024-02-25,delivered,E-commerce B2B,6,5,71,CoreFit Cap v1,Accessories,33.89,111.0,9.7,CoreFit Cap v1,Accessories,CoreFit,33.89,9.7,456.0,4.9,439,SR-ACC-0071,False,40,Perú,Piura,Superstore,Eligio Paz,CoreFit Cap v1,Perú,E-commerce B2B,delivered,9.7,3761.79,Económico,2024,1,2,Febrero,2024-02,1,0,True,True,0.0,0.0,OK,True
181,46,2024-02-25,delivered,E-commerce B2B,6,6,64,PowerEdge Sport Backpack v4,Accessories,51.44,68.0,1.3,PowerEdge Sport Backpack v4,Accessories,PowerEdge,51.44,1.3,127.0,4.8,134,SR-ACC-0064,False,40,Perú,Piura,Superstore,Eligio Paz,PowerEdge Sport Backpack v4,Perú,E-commerce B2B,delivered,1.3,3497.92,Medio,2024,1,2,Febrero,2024-02,1,0,True,True,0.0,0.0,OK,True
182,93,2024-08-10,shipped,Direct Sales,1,1,116,SpeedMax Agility Ladder v1,Equipment,33.11,37.0,15.0,SpeedMax Agility Ladder v1,Equipment,SpeedMax,33.11,15.0,382.0,4.7,81,SR-EQU-0116,False,42,Chile,Temuco,Independent,Antonella Bustamante,SpeedMax Agility Ladder v1,Chile,Direct Sales,shipped,15.0,1225.07,Económico,2024,3,8,Agosto,2024-08,0,0,True,True,0.0,0.0,OK,True
183,13,2024-07-24,confirmed,Direct Sales,2,1,112,PowerEdge Training Gloves v2,Equipment,56.99,114.0,1.3,PowerEdge Training Gloves v2,Equipment,PowerEdge,56.99,1.3,136.0,3.9,304,SR-EQU-0112,False,38,Argentina,Rosario,Independent,Lola Acuña,PowerEdge Training Gloves v2,Argentina,Direct Sales,confirmed,1.3,6496.860000000001,Medio,2024,3,7,Julio,2024-07,0,0,True,True,0.0,0.0,OK,True
183,13,2024-07-24,confirmed,Direct Sales,2,2,6,SpeedMax Basketball Shoes v1,Footwear,72.73,107.0,7.3,SpeedMax Basketball Shoes v1,Footwear,SpeedMax,72.73,7.3,321.0,4.0,380,SR-FOO-0006,False,38,Argentina,Rosario,Independent,Lola Acuña,SpeedMax Basketball Shoes v1,Argentina,Direct Sales,confirmed,7.3,7782.110000000001,Medio,2024,3,7,Julio,2024-07,0,0,True,True,0.0,0.0,OK,True
184,2,2024-10-09,delivered,Direct Sales,2,1,85,PowerEdge Gym Bag v5,Accessories,57.4,26.0,8.1,PowerEdge Gym Bag v5,Accessories,PowerEdge,57.4,8.1,125.0,4.6,98,SR-ACC-0085,False,38,Colombia,Cartagena,Sports Chain,Rafael Pérez,PowerEdge Gym Bag v5,Colombia,Direct Sales,delivered,8.1,1492.3999999999999,Medio,2024,4,10,Octubre,2024-10,1,0,True,True,0.0,0.0,OK,True
184,2,2024-10-09,delivered,Direct Sales,2,2,83,SpeedMax Gym Bag v3,Accessories,75.79,119.0,2.6,SpeedMax Gym Bag v3,Accessories,SpeedMax,75.79,2.6,491.0,3.4,480,SR-ACC-0083,False,38,Colombia,Cartagena,Sports Chain,Rafael Pérez,SpeedMax Gym Bag v3,Colombia,Direct Sales,delivered,2.6,9019.01,Medio,2024,4,10,Octubre,2024-10,1,0,True,True,0.0,0.0,OK,True
185,48,2024-07-21,delivered,Direct Sales,3,1,24,SportRetail Pro Football Boots v4,Footwear,214.26,56.0,1.5,SportRetail Pro Football Boots v4,Footwear,SportRetail Pro,214.26,1.5,34.0,4.8,348,SR-FOO-0024,False,35,Perú,Piura,Sports Chain,Anselmo Mayo,SportRetail Pro Football Boots v4,Perú,Direct Sales,delivered,1.5,11998.56,Premium,2024,3,7,Julio,2024-07,1,0,True,True,0.0,0.0,OK,True
185,48,2024-07-21,delivered,Direct Sales,3,2,15,SportRetail Pro Training Shoes v5,Footwear,208.06,39.0,2.9,SportRetail Pro Training Shoes v5,Footwear,SportRetail Pro,208.06,2.9,453.0,3.8,283,SR-FOO-0015,False,35,Perú,Piura,Sports Chain,Anselmo Mayo,SportRetail Pro Training Shoes v5,Perú,Direct Sales,delivered,2.9,8114.34,Premium,2024,3,7,Julio,2024-07,1,0,True,True,0.0,0.0,OK,True
185,48,2024-07-21,delivered,Direct Sales,3,3,52,UrbanSport Football Jersey v2,Apparel,56.43,93.0,0.7,UrbanSport Football Jersey v2,Apparel,UrbanSport,56.43,0.7,449.0,4.9,192,SR-APP-0052,False,35,Perú,Piura,Sports Chain,Anselmo Mayo,UrbanSport Football Jersey v2,Perú,Direct Sales,delivered,0.7,5247.99,Medio,2024,3,7,Julio,2024-07,1,0,True,True,0.0,0.0,OK,True
186,15,2024-07-19,delivered,E-commerce B2B,2,1,90,SpeedMax Sport Socks v5,Accessories,54.28,12.0,8.6,SpeedMax Sport Socks v5,Accessories,SpeedMax,54.28,8.6,381.0,3.9,370,SR-ACC-0090,False,42,México,Tijuana,Sports Chain,Perla Luna,SpeedMax Sport Socks v5,México,E-commerce B2B,delivered,8.6,651.36,Medio,2024,3,7,Julio,2024-07,1,0,True,True,0.0,0.0,OK,True
186,15,2024-07-19,delivered,E-commerce B2B,2,2,93,SportRetail Pro Resistance Bands v3,Equipment,94.1,113.0,7.4,SportRetail Pro Resistance Bands v3,Equipment,SportRetail Pro,94.1,7.4,184.0,2.9,24,SR-EQU-0093,False,42,México,Tijuana,Sports Chain,Perla Luna,SportRetail Pro Resistance Bands v3,México,E-commerce B2B,delivered,7.4,10633.3,Medio,2024,3,7,Julio,2024-07,1,0,True,True,0.0,0.0,OK,True
187,87,2024-08-04,delivered,Distributor,4,1,24,SportRetail Pro Football Boots v4,Footwear,214.26,50.0,1.5,SportRetail Pro Football Boots v4,Footwear,SportRetail Pro,214.26,1.5,34.0,4.8,348,SR-FOO-0024,False,54,Chile,Santiago,Superstore,Karina Ibarra,SportRetail Pro Football Boots v4,Chile,Distributor,delivered,1.5,10713.0,Premium,2024,3,8,Agosto,2024-08,1,0,True,True,0.0,0.0,OK,True
187,87,2024-08-04,delivered,Distributor,4,2,79,UrbanSport Headband v4,Accessories,87.1,115.0,18.0,UrbanSport Headband v4,Accessories,UrbanSport,87.1,18.0,398.0,,328,SR-ACC-0079,False,54,Chile,Santiago,Superstore,Karina Ibarra,UrbanSport Headband v4,Chile,Distributor,delivered,18.0,10016.5,Medio,2024,3,8,Agosto,2024-08,1,0,True,True,0.0,0.0,Calificación nula,True
187,87,2024-08-04,delivered,Distributor,4,3,49,AthletX Compression Tights v4,Apparel,49.35,112.0,19.7,AthletX Compression Tights v4,Apparel,AthletX,49.35,19.7,55.0,3.5,49,SR-APP-0049,False,54,Chile,Santiago,Superstore,Karina Ibarra,AthletX Compression Tights v4,Chile,Distributor,delivered,19.7,5527.2,Económico,2024,3,8,Agosto,2024-08,1,0,True,True,0.0,0.0,OK,True
187,87,2024-08-04,delivered,Distributor,4,4,100,PowerEdge Jump Rope v5,Equipment,22.71,119.0,6.0,PowerEdge Jump Rope v5,Equipment,PowerEdge,22.71,6.0,282.0,2.7,12,SR-EQU-0100,False,54,Chile,Santiago,Superstore,Karina Ibarra,PowerEdge Jump Rope v5,Chile,Distributor,delivered,6.0,2702.4900000000002,Económico,2024,3,8,Agosto,2024-08,1,0,True,True,0.0,0.0,OK,True
188,6,2024-12-28,delivered,E-commerce B2B,1,1,34,UrbanSport Performance T-Shirt v4,Apparel,37.32,88.0,24.0,UrbanSport Performance T-Shirt v4,Apparel,UrbanSport,37.32,24.0,41.0,4.6,80,SR-APP-0034,False,30,Chile,Valparaíso,Independent,Roxana Jara,UrbanSport Performance T-Shirt v4,Chile,E-commerce B2B,delivered,24.0,3284.16,Económico,2024,4,12,Diciembre,2024-12,1,0,True,True,0.0,0.0,OK,True
189,74,2024-09-20,confirmed,E-commerce B2B,6,1,73,SpeedMax Cap v3,Accessories,67.93,71.0,21.0,SpeedMax Cap v3,Accessories,SpeedMax,67.93,21.0,470.0,2.8,647,SR-ACC-0073,False,36,Colombia,Bogotá,Superstore,Jenny Ospina,SpeedMax Cap v3,Colombia,E-commerce B2B,confirmed,21.0,4823.030000000001,Medio,2024,3,9,Septiembre,2024-09,0,0,True,True,0.0,0.0,OK,True
189,74,2024-09-20,confirmed,E-commerce B2B,6,2,29,SportRetail Pro Tennis Shoes v4,Footwear,154.7,84.0,21.5,SportRetail Pro Tennis Shoes v4,Footwear,SportRetail Pro,154.7,21.5,281.0,2.7,677,SR-FOO-0029,False,36,Colombia,Bogotá,Superstore,Jenny Ospina,SportRetail Pro Tennis Shoes v4,Colombia,E-commerce B2B,confirmed,21.5,12994.8,Medio,2024,3,9,Septiembre,2024-09,0,0,True,True,0.0,0.0,OK,True
189,74,2024-09-20,confirmed,E-commerce B2B,6,3,86,SpeedMax Sport Socks v1,Accessories,55.59,89.0,16.7,SpeedMax Sport Socks v1,Accessories,SpeedMax,55.59,16.7,172.0,2.6,342,SR-ACC-0086,False,36,Colombia,Bogotá,Superstore,Jenny Ospina,SpeedMax Sport Socks v1,Colombia,E-commerce B2B,confirmed,16.7,4947.51,Medio,2024,3,9,Septiembre,2024-09,0,0,True,True,0.0,0.0,OK,True
189,74,2024-09-20,confirmed,E-commerce B2B,6,4,112,PowerEdge Training Gloves v2,Equipment,56.99,66.0,1.3,PowerEdge Training Gloves v2,Equipment,PowerEdge,56.99,1.3,136.0,3.9,304,SR-EQU-0112,False,36,Colombia,Bogotá,Superstore,Jenny Ospina,PowerEdge Training Gloves v2,Colombia,E-commerce B2B,confirmed,1.3,3761.34,Medio,2024,3,9,Septiembre,2024-09,0,0,True,True,0.0,0.0,OK,True
189,74,2024-09-20,confirmed,E-commerce B2B,6,5,44,PowerEdge Track Jacket v4,Apparel,67.05,91.0,0.2,PowerEdge Track Jacket v4,Apparel,PowerEdge,67.05,0.2,38.0,4.9,717,SR-APP-0044,False,36,Colombia,Bogotá,Superstore,Jenny Ospina,PowerEdge Track Jacket v4,Colombia,E-commerce B2B,confirmed,0.2,6101.55,Medio,2024,3,9,Septiembre,2024-09,0,0,True,True,0.0,0.0,OK,True
189,74,2024-09-20,confirmed,E-commerce B2B,6,6,67,AthletX Water Bottle v2,Accessories,77.19,24.0,6.9,AthletX Water Bottle v2,Accessories,AthletX,77.19,6.9,398.0,3.8,651,SR-ACC-0067,False,36,Colombia,Bogotá,Superstore,Jenny Ospina,AthletX Water Bottle v2,Colombia,E-commerce B2B,confirmed,6.9,1852.56,Medio,2024,3,9,Septiembre,2024-09,0,0,True,True,0.0,0.0,OK,True
190,21,2024-07-27,shipped,Distributor,5,1,109,SportRetail Pro Foam Roller v4,Equipment,96.48,26.0,8.2,SportRetail Pro Foam Roller v4,Equipment,SportRetail Pro,96.48,8.2,355.0,3.7,688,SR-EQU-0109,False,28,México,Puebla,Superstore,Luis Manuel Venegas,SportRetail Pro Foam Roller v4,México,Distributor,shipped,8.2,2508.48,Medio,2024,3,7,Julio,2024-07,0,0,True,True,0.0,0.0,OK,True
190,21,2024-07-27,shipped,Distributor,5,2,61,AthletX Sport Backpack v1,Accessories,63.82,67.0,5.6,AthletX Sport Backpack v1,Accessories,AthletX,63.82,5.6,101.0,2.9,57,SR-ACC-0061,False,28,México,Puebla,Superstore,Luis Manuel Venegas,AthletX Sport Backpack v1,México,Distributor,shipped,5.6,4275.94,Medio,2024,3,7,Julio,2024-07,0,0,True,True,0.0,0.0,OK,True
190,21,2024-07-27,shipped,Distributor,5,3,110,UrbanSport Foam Roller v5,Equipment,18.49,47.0,2.2,UrbanSport Foam Roller v5,Equipment,UrbanSport,18.49,2.2,129.0,3.3,423,SR-EQU-0110,False,28,México,Puebla,Superstore,Luis Manuel Venegas,UrbanSport Foam Roller v5,México,Distributor,shipped,2.2,869.03,Económico,2024,3,7,Julio,2024-07,0,0,True,True,0.0,0.0,OK,True
190,21,2024-07-27,shipped,Distributor,5,4,64,PowerEdge Sport Backpack v4,Accessories,51.44,11.0,1.3,PowerEdge Sport Backpack v4,Accessories,PowerEdge,51.44,1.3,127.0,4.8,134,SR-ACC-0064,False,28,México,Puebla,Superstore,Luis Manuel Venegas,PowerEdge Sport Backpack v4,México,Distributor,shipped,1.3,565.8399999999999,Medio,2024,3,7,Julio,2024-07,0,0,True,True,0.0,0.0,OK,True
190,21,2024-07-27,shipped,Distributor,5,5,112,PowerEdge Training Gloves v2,Equipment,56.99,75.0,1.3,PowerEdge Training Gloves v2,Equipment,PowerEdge,56.99,1.3,136.0,3.9,304,SR-EQU-0112,False,28,México,Puebla,Superstore,Luis Manuel Venegas,PowerEdge Training Gloves v2,México,Distributor,shipped,1.3,4274.25,Medio,2024,3,7,Julio,2024-07,0,0,True,True,0.0,0.0,OK,True
191,57,2024-10-20,delivered,E-commerce B2B,5,1,58,AthletX Sports Bra v3,Apparel,87.71,20.0,7.5,AthletX Sports Bra v3,Apparel,AthletX,87.71,7.5,280.0,4.6,321,SR-APP-0058,False,41,México,Monterrey,Superstore,Margarita Pedroza,AthletX Sports Bra v3,México,E-commerce B2B,delivered,7.5,1754.1999999999998,Medio,2024,4,10,Octubre,2024-10,1,0,True,True,0.0,0.0,OK,True
191,57,2024-10-20,delivered,E-commerce B2B,5,2,12,AthletX Training Shoes v2,Footwear,222.62,100.0,13.5,AthletX Training Shoes v2,Footwear,AthletX,222.62,13.5,382.0,4.0,607,SR-FOO-0012,False,41,México,Monterrey,Superstore,Margarita Pedroza,AthletX Training Shoes v2,México,E-commerce B2B,delivered,13.5,22262.0,Premium,2024,4,10,Octubre,2024-10,1,0,True,True,0.0,0.0,Revenue extremo por IQR,True
191,57,2024-10-20,delivered,E-commerce B2B,5,3,110,UrbanSport Foam Roller v5,Equipment,18.49,18.0,2.2,UrbanSport Foam Roller v5,Equipment,UrbanSport,18.49,2.2,129.0,3.3,423,SR-EQU-0110,False,41,México,Monterrey,Superstore,Margarita Pedroza,UrbanSport Foam Roller v5,México,E-commerce B2B,delivered,2.2,332.82,Económico,2024,4,10,Octubre,2024-10,1,0,True,True,0.0,0.0,OK,True
191,57,2024-10-20,delivered,E-commerce B2B,5,4,64,PowerEdge Sport Backpack v4,Accessories,51.44,9.0,1.3,PowerEdge Sport Backpack v4,Accessories,PowerEdge,51.44,1.3,127.0,4.8,134,SR-ACC-0064,False,41,México,Monterrey,Superstore,Margarita Pedroza,PowerEdge Sport Backpack v4,México,E-commerce B2B,delivered,1.3,462.96,Medio,2024,4,10,Octubre,2024-10,1,0,True,True,0.0,0.0,OK,True
191,57,2024-10-20,delivered,E-commerce B2B,5,5,41,CoreFit Track Jacket v1,Apparel,32.7,5.0,2.7,CoreFit Track Jacket v1,Apparel,CoreFit,32.7,2.7,283.0,2.9,298,SR-APP-0041,False,41,México,Monterrey,Superstore,Margarita Pedroza,CoreFit Track Jacket v1,México,E-commerce B2B,delivered,2.7,163.5,Económico,2024,4,10,Octubre,2024-10,1,0,True,True,0.0,0.0,OK,True
192,72,2024-04-28,delivered,E-commerce B2B,2,1,84,PowerEdge Gym Bag v4,Accessories,51.74,63.0,16.3,PowerEdge Gym Bag v4,Accessories,PowerEdge,51.74,16.3,315.0,4.5,561,SR-ACC-0084,False,44,Argentina,Buenos Aires,Independent,Thiago Benjamin Rodriguez,PowerEdge Gym Bag v4,Argentina,E-commerce B2B,delivered,16.3,3259.6200000000003,Medio,2024,2,4,Abril,2024-04,1,0,True,True,0.0,0.0,OK,True
192,72,2024-04-28,delivered,E-commerce B2B,2,2,86,SpeedMax Sport Socks v1,Accessories,55.59,51.0,16.7,SpeedMax Sport Socks v1,Accessories,SpeedMax,55.59,16.7,172.0,2.6,342,SR-ACC-0086,False,44,Argentina,Buenos Aires,Independent,Thiago Benjamin Rodriguez,SpeedMax Sport Socks v1,Argentina,E-commerce B2B,delivered,16.7,2835.09,Medio,2024,2,4,Abril,2024-04,1,0,True,True,0.0,0.0,OK,True
193,99,2024-09-12,delivered,Direct Sales,5,1,77,PowerEdge Headband v2,Accessories,13.22,96.0,0.8,PowerEdge Headband v2,Accessories,PowerEdge,13.22,0.8,126.0,3.0,30,SR-ACC-0077,False,51,Perú,Cusco,Department Store,Ignacia Ariza,PowerEdge Headband v2,Perú,Direct Sales,delivered,0.8,1269.1200000000001,Económico,2024,3,9,Septiembre,2024-09,1,0,True,True,0.0,0.0,OK,True
193,99,2024-09-12,delivered,Direct Sales,5,2,61,AthletX Sport Backpack v1,Accessories,63.82,17.0,5.6,AthletX Sport Backpack v1,Accessories,AthletX,63.82,5.6,101.0,2.9,57,SR-ACC-0061,False,51,Perú,Cusco,Department Store,Ignacia Ariza,AthletX Sport Backpack v1,Perú,Direct Sales,delivered,5.6,1084.94,Medio,2024,3,9,Septiembre,2024-09,1,0,True,True,0.0,0.0,OK,True
193,99,2024-09-12,delivered,Direct Sales,5,3,92,AthletX Resistance Bands v2,Equipment,35.56,,12.1,AthletX Resistance Bands v2,Equipment,AthletX,35.56,12.1,370.0,4.0,788,SR-EQU-0092,False,51,Perú,Cusco,Department Store,Ignacia Ariza,AthletX Resistance Bands v2,Perú,Direct Sales,delivered,12.1,,Económico,2024,3,9,Septiembre,2024-09,1,0,True,True,0.0,0.0,Cantidad nula,False
193,99,2024-09-12,delivered,Direct Sales,5,4,85,PowerEdge Gym Bag v5,Accessories,57.4,50.0,8.1,PowerEdge Gym Bag v5,Accessories,PowerEdge,57.4,8.1,125.0,4.6,98,SR-ACC-0085,False,51,Perú,Cusco,Department Store,Ignacia Ariza,PowerEdge Gym Bag v5,Perú,Direct Sales,delivered,8.1,2870.0,Medio,2024,3,9,Septiembre,2024-09,1,0,True,True,0.0,0.0,OK,True
193,99,2024-09-12,delivered,Direct Sales,5,5,47,SpeedMax Compression Tights v2,Apparel,127.12,107.0,18.7,SpeedMax Compression Tights v2,Apparel,SpeedMax,127.12,18.7,473.0,4.8,176,SR-APP-0047,False,51,Perú,Cusco,Department Store,Ignacia Ariza,SpeedMax Compression Tights v2,Perú,Direct Sales,delivered,18.7,13601.84,Medio,2024,3,9,Septiembre,2024-09,1,0,True,True,0.0,0.0,OK,True
194,22,2024-08-27,delivered,E-commerce B2B,4,1,18,CoreFit Slides v3,Footwear,226.56,97.0,13.5,CoreFit Slides v3,Footwear,CoreFit,226.56,13.5,398.0,4.8,10,SR-FOO-0018,False,39,México,Puebla,Independent,Eloisa Olivo,CoreFit Slides v3,México,E-commerce B2B,delivered,13.5,21976.32,Premium,2024,3,8,Agosto,2024-08,1,0,True,True,0.0,0.0,Revenue extremo por IQR,True
194,22,2024-08-27,delivered,E-commerce B2B,4,2,106,SportRetail Pro Foam Roller v1,Equipment,36.75,37.0,16.9,SportRetail Pro Foam Roller v1,Equipment,SportRetail Pro,36.75,16.9,440.0,3.9,31,SR-EQU-0106,False,39,México,Puebla,Independent,Eloisa Olivo,SportRetail Pro Foam Roller v1,México,E-commerce B2B,delivered,16.9,1359.75,Económico,2024,3,8,Agosto,2024-08,1,0,True,True,0.0,0.0,OK,True
194,22,2024-08-27,delivered,E-commerce B2B,4,3,92,AthletX Resistance Bands v2,Equipment,35.56,29.0,12.1,AthletX Resistance Bands v2,Equipment,AthletX,35.56,12.1,370.0,4.0,788,SR-EQU-0092,False,39,México,Puebla,Independent,Eloisa Olivo,AthletX Resistance Bands v2,México,E-commerce B2B,delivered,12.1,1031.24,Económico,2024,3,8,Agosto,2024-08,1,0,True,True,0.0,0.0,OK,True
194,22,2024-08-27,delivered,E-commerce B2B,4,4,96,SportRetail Pro Jump Rope v1,Equipment,93.1,114.0,10.0,SportRetail Pro Jump Rope v1,Equipment,SportRetail Pro,93.1,10.0,37.0,3.9,712,SR-EQU-0096,False,39,México,Puebla,Independent,Eloisa Olivo,SportRetail Pro Jump Rope v1,México,E-commerce B2B,delivered,10.0,10613.4,Medio,2024,3,8,Agosto,2024-08,1,0,True,True,0.0,0.0,OK,True
195,44,2024-11-27,delivered,Direct Sales,1,1,97,UrbanSport Jump Rope v2,Equipment,105.17,58.0,2.1,UrbanSport Jump Rope v2,Equipment,UrbanSport,105.17,2.1,127.0,2.8,792,SR-EQU-0097,False,30,México,Ciudad de México,Superstore,Florencia Aguirre,UrbanSport Jump Rope v2,México,Direct Sales,delivered,2.1,6099.86,Medio,2024,4,11,Noviembre,2024-11,1,0,True,True,0.0,0.0,OK,True
196,99,2024-08-17,delivered,Direct Sales,4,1,59,UrbanSport Sports Bra v4,Apparel,86.73,22.0,8.1,UrbanSport Sports Bra v4,Apparel,UrbanSport,86.73,8.1,226.0,3.6,228,SR-APP-0059,False,51,Perú,Cusco,Department Store,Ignacia Ariza,UrbanSport Sports Bra v4,Perú,Direct Sales,delivered,8.1,1908.0600000000002,Medio,2024,3,8,Agosto,2024-08,1,0,True,True,0.0,0.0,OK,True
196,99,2024-08-17,delivered,Direct Sales,4,2,85,PowerEdge Gym Bag v5,Accessories,57.4,5.0,8.1,PowerEdge Gym Bag v5,Accessories,PowerEdge,57.4,8.1,125.0,4.6,98,SR-ACC-0085,False,51,Perú,Cusco,Department Store,Ignacia Ariza,PowerEdge Gym Bag v5,Perú,Direct Sales,delivered,8.1,287.0,Medio,2024,3,8,Agosto,2024-08,1,0,True,True,0.0,0.0,OK,True
196,99,2024-08-17,delivered,Direct Sales,4,3,76,CoreFit Headband v1,Accessories,76.79,11.0,11.8,CoreFit Headband v1,Accessories,CoreFit,76.79,11.8,383.0,3.8,368,SR-ACC-0076,False,51,Perú,Cusco,Department Store,Ignacia Ariza,CoreFit Headband v1,Perú,Direct Sales,delivered,11.8,844.69,Medio,2024,3,8,Agosto,2024-08,1,0,True,True,0.0,0.0,OK,True
196,99,2024-08-17,delivered,Direct Sales,4,4,65,PowerEdge Sport Backpack v5,Accessories,52.49,60.0,14.0,PowerEdge Sport Backpack v5,Accessories,PowerEdge,52.49,14.0,162.0,4.9,463,SR-ACC-0065,False,51,Perú,Cusco,Department Store,Ignacia Ariza,PowerEdge Sport Backpack v5,Perú,Direct Sales,delivered,14.0,3149.4,Medio,2024,3,8,Agosto,2024-08,1,0,True,True,0.0,0.0,OK,True
197,89,2024-05-13,cancelled,Distributor,5,1,23,SpeedMax Football Boots v3,Footwear,82.23,54.0,5.6,SpeedMax Football Boots v3,Footwear,SpeedMax,82.23,5.6,173.0,2.6,577,SR-FOO-0023,False,31,Argentina,Rosario,Sports Chain,Tomas Benjamin Fernandez,SpeedMax Football Boots v3,Argentina,Distributor,cancelled,5.6,4440.42,Medio,2024,2,5,Mayo,2024-05,0,1,True,True,0.0,0.0,OK,True
197,89,2024-05-13,cancelled,Distributor,5,2,94,SportRetail Pro Resistance Bands v4,Equipment,107.56,82.0,13.8,SportRetail Pro Resistance Bands v4,Equipment,SportRetail Pro,107.56,13.8,357.0,4.9,663,SR-EQU-0094,False,31,Argentina,Rosario,Sports Chain,Tomas Benjamin Fernandez,SportRetail Pro Resistance Bands v4,Argentina,Distributor,cancelled,13.8,8819.92,Medio,2024,2,5,Mayo,2024-05,0,1,True,True,0.0,0.0,OK,True
197,89,2024-05-13,cancelled,Distributor,5,3,105,UrbanSport Yoga Mat v5,Equipment,61.91,69.0,2.0,UrbanSport Yoga Mat v5,Equipment,UrbanSport,61.91,2.0,20.0,4.7,762,SR-EQU-0105,False,31,Argentina,Rosario,Sports Chain,Tomas Benjamin Fernandez,UrbanSport Yoga Mat v5,Argentina,Distributor,cancelled,2.0,4271.79,Medio,2024,2,5,Mayo,2024-05,0,1,True,True,0.0,0.0,OK,True
197,89,2024-05-13,cancelled,Distributor,5,4,17,AthletX Slides v2,Footwear,169.23,58.0,2.7,AthletX Slides v2,Footwear,AthletX,169.23,2.7,320.0,3.2,664,SR-FOO-0017,False,31,Argentina,Rosario,Sports Chain,Tomas Benjamin Fernandez,AthletX Slides v2,Argentina,Distributor,cancelled,2.7,9815.34,Medio,2024,2,5,Mayo,2024-05,0,1,True,True,0.0,0.0,OK,True
197,89,2024-05-13,cancelled,Distributor,5,5,14,SpeedMax Training Shoes v4,Footwear,189.19,93.0,9.6,SpeedMax Training Shoes v4,Footwear,SpeedMax,189.19,9.6,305.0,5.0,551,SR-FOO-0014,False,31,Argentina,Rosario,Sports Chain,Tomas Benjamin Fernandez,SpeedMax Training Shoes v4,Argentina,Distributor,cancelled,9.6,17594.67,Medio,2024,2,5,Mayo,2024-05,0,1,True,True,0.0,0.0,Revenue extremo por IQR,True
198,58,2024-12-18,delivered,E-commerce B2B,2,1,18,CoreFit Slides v3,Footwear,226.56,82.0,13.5,CoreFit Slides v3,Footwear,CoreFit,226.56,13.5,398.0,4.8,10,SR-FOO-0018,False,35,Colombia,Cartagena,Online Retailer,Carmen Lozano,CoreFit Slides v3,Colombia,E-commerce B2B,delivered,13.5,18577.920000000002,Premium,2024,4,12,Diciembre,2024-12,1,0,True,True,0.0,0.0,Revenue extremo por IQR,True
198,58,2024-12-18,delivered,E-commerce B2B,2,2,53,SportRetail Pro Football Jersey v3,Apparel,31.92,100.0,10.9,SportRetail Pro Football Jersey v3,Apparel,SportRetail Pro,31.92,10.9,373.0,4.5,456,SR-APP-0053,False,35,Colombia,Cartagena,Online Retailer,Carmen Lozano,SportRetail Pro Football Jersey v3,Colombia,E-commerce B2B,delivered,10.9,3192.0,Económico,2024,4,12,Diciembre,2024-12,1,0,True,True,0.0,0.0,OK,True
199,95,2024-12-21,shipped,Direct Sales,5,1,81,PowerEdge Gym Bag v1,Accessories,29.43,96.0,17.4,PowerEdge Gym Bag v1,Accessories,PowerEdge,29.43,17.4,154.0,4.6,624,SR-ACC-0081,False,39,Chile,Concepción,Independent,Andrés Palma,PowerEdge Gym Bag v1,Chile,Direct Sales,shipped,17.4,2825.2799999999997,Económico,2024,4,12,Diciembre,2024-12,0,0,True,True,0.0,0.0,OK,True
199,95,2024-12-21,shipped,Direct Sales,5,2,28,SportRetail Pro Tennis Shoes v3,Footwear,110.95,49.0,4.8,SportRetail Pro Tennis Shoes v3,Footwear,SportRetail Pro,110.95,4.8,229.0,2.9,197,SR-FOO-0028,False,39,Chile,Concepción,Independent,Andrés Palma,SportRetail Pro Tennis Shoes v3,Chile,Direct Sales,shipped,4.8,5436.55,Medio,2024,4,12,Diciembre,2024-12,0,0,True,True,0.0,0.0,OK,True
199,95,2024-12-21,shipped,Direct Sales,5,3,26,SpeedMax Tennis Shoes v1,Footwear,236.69,21.0,4.8,SpeedMax Tennis Shoes v1,Footwear,SpeedMax,236.69,4.8,49.0,4.1,372,SR-FOO-0026,False,39,Chile,Concepción,Independent,Andrés Palma,SpeedMax Tennis Shoes v1,Chile,Direct Sales,shipped,4.8,4970.49,Premium,2024,4,12,Diciembre,2024-12,0,0,True,True,0.0,0.0,OK,True
199,95,2024-12-21,shipped,Direct Sales,5,4,27,PowerEdge Tennis Shoes v2,Footwear,67.19,88.0,16.3,PowerEdge Tennis Shoes v2,Footwear,PowerEdge,67.19,16.3,330.0,2.7,422,SR-FOO-0027,False,39,Chile,Concepción,Independent,Andrés Palma,PowerEdge Tennis Shoes v2,Chile,Direct Sales,shipped,16.3,5912.719999999999,Medio,2024,4,12,Diciembre,2024-12,0,0,True,True,0.0,0.0,OK,True
199,95,2024-12-21,shipped,Direct Sales,5,5,80,CoreFit Headband v5,Accessories,56.06,27.0,22.7,CoreFit Headband v5,Accessories,CoreFit,56.06,22.7,192.0,3.5,742,SR-ACC-0080,False,39,Chile,Concepción,Independent,Andrés Palma,CoreFit Headband v5,Chile,Direct Sales,shipped,22.7,1513.6200000000001,Medio,2024,4,12,Diciembre,2024-12,0,0,True,True,0.0,0.0,OK,True
200,98,2024-09-10,delivered,Distributor,3,1,72,UrbanSport Cap v2,Accessories,81.82,78.0,12.2,UrbanSport Cap v2,Accessories,UrbanSport,81.82,12.2,139.0,3.6,39,SR-ACC-0072,False,27,Perú,Lima,Superstore,Chita Rey,UrbanSport Cap v2,Perú,Distributor,delivered,12.2,6381.959999999999,Medio,2024,3,9,Septiembre,2024-09,1,0,True,True,0.0,0.0,OK,True
200,98,2024-09-10,delivered,Distributor,3,2,62,SportRetail Pro Sport Backpack v2,Accessories,46.43,95.0,22.2,SportRetail Pro Sport Backpack v2,Accessories,SportRetail Pro,46.43,22.2,294.0,3.0,723,SR-ACC-0062,False,27,Perú,Lima,Superstore,Chita Rey,SportRetail Pro Sport Backpack v2,Perú,Distributor,delivered,22.2,4410.85,Económico,2024,3,9,Septiembre,2024-09,1,0,True,True,0.0,0.0,OK,True
200,98,2024-09-10,delivered,Distributor,3,3,75,CoreFit Cap v5,Accessories,26.93,100.0,8.2,CoreFit Cap v5,Accessories,CoreFit,26.93,8.2,389.0,4.7,294,SR-ACC-0075,False,27,Perú,Lima,Superstore,Chita Rey,CoreFit Cap v5,Perú,Distributor,delivered,8.2,2693.0,Económico,2024,3,9,Septiembre,2024-09,1,0,True,True,0.0,0.0,OK,True
